gene_symbol,uniprot_id,disease_id,disease_name,score,source
KRAS,P01116,DOID:1793,Pancreatic ductal adenocarcinoma,0.8156,OpenTargets
TP53,P04637,DOID:1793,Pancreatic ductal adenocarcinoma,0.8077,OpenTargets
SMAD4,Q13485,DOID:1793,Pancreatic ductal adenocarcinoma,0.7851,OpenTargets
PALB2,Q86YC2,DOID:1793,Pancreatic ductal adenocarcinoma,0.7847,OpenTargets
BRCA2,P51587,DOID:1793,Pancreatic ductal adenocarcinoma,0.7734,OpenTargets
STK11,Q15831,DOID:1793,Pancreatic ductal adenocarcinoma,0.7593,OpenTargets
CDKN2A,P42771,DOID:1793,Pancreatic ductal adenocarcinoma,0.7295,OpenTargets
POLD1,P28340,DOID:1793,Pancreatic ductal adenocarcinoma,0.7209,OpenTargets
ATM,Q13315,DOID:1793,Pancreatic ductal adenocarcinoma,0.6984,OpenTargets
BRCA1,P38398,DOID:1793,Pancreatic ductal adenocarcinoma,0.6803,OpenTargets
RNF43,Q68DV7,DOID:1793,Pancreatic ductal adenocarcinoma,0.6803,OpenTargets
POLE,Q07864,DOID:1793,Pancreatic ductal adenocarcinoma,0.676,OpenTargets
ARID1A,O14497,DOID:1793,Pancreatic ductal adenocarcinoma,0.6499,OpenTargets
TGFBR2,P37173,DOID:1793,Pancreatic ductal adenocarcinoma,0.6251,OpenTargets
ACVR1B,P36896,DOID:1793,Pancreatic ductal adenocarcinoma,0.6222,OpenTargets
GNAS,P84996,DOID:1793,Pancreatic ductal adenocarcinoma,0.6118,OpenTargets
KMT2C,Q8NEZ4,DOID:1793,Pancreatic ductal adenocarcinoma,0.6,OpenTargets
RRM2,P31350,DOID:1793,Pancreatic ductal adenocarcinoma,0.5887,OpenTargets
RBM10,P98175,DOID:1793,Pancreatic ductal adenocarcinoma,0.5876,OpenTargets
RRM1,P23921,DOID:1793,Pancreatic ductal adenocarcinoma,0.5849,OpenTargets
POLD2,P49005,DOID:1793,Pancreatic ductal adenocarcinoma,0.5839,OpenTargets
PRIM2,P49643,DOID:1793,Pancreatic ductal adenocarcinoma,0.583,OpenTargets
POLD4,Q9HCU8,DOID:1793,Pancreatic ductal adenocarcinoma,0.5817,OpenTargets
POLE2,P56282,DOID:1793,Pancreatic ductal adenocarcinoma,0.5806,OpenTargets
RRM2B,Q7LG56,DOID:1793,Pancreatic ductal adenocarcinoma,0.5802,OpenTargets
PRIM1,P49642,DOID:1793,Pancreatic ductal adenocarcinoma,0.5802,OpenTargets
POLE3,Q9NRF9,DOID:1793,Pancreatic ductal adenocarcinoma,0.5802,OpenTargets
POLA2,Q14181,DOID:1793,Pancreatic ductal adenocarcinoma,0.5802,OpenTargets
POLD3,Q15054,DOID:1793,Pancreatic ductal adenocarcinoma,0.5802,OpenTargets
POLA1,P09884,DOID:1793,Pancreatic ductal adenocarcinoma,0.5802,OpenTargets
CHEK2,O96017,DOID:1793,Pancreatic ductal adenocarcinoma,0.577,OpenTargets
KDM6A,O15550,DOID:1793,Pancreatic ductal adenocarcinoma,0.5687,OpenTargets
BRIP1,Q9BX63,DOID:1793,Pancreatic ductal adenocarcinoma,0.5673,OpenTargets
ERBB4,Q15303,DOID:1793,Pancreatic ductal adenocarcinoma,0.5655,OpenTargets
MAP2K4,P45985,DOID:1793,Pancreatic ductal adenocarcinoma,0.5646,OpenTargets
ACVR2A,P27037,DOID:1793,Pancreatic ductal adenocarcinoma,0.5593,OpenTargets
PTPRT,O14522,DOID:1793,Pancreatic ductal adenocarcinoma,0.5478,OpenTargets
LRP1B,Q9NZR2,DOID:1793,Pancreatic ductal adenocarcinoma,0.5463,OpenTargets
RAF1,P04049,DOID:1793,Pancreatic ductal adenocarcinoma,0.5454,OpenTargets
KMT2D,O14686,DOID:1793,Pancreatic ductal adenocarcinoma,0.5372,OpenTargets
CUX1,P39880,DOID:1793,Pancreatic ductal adenocarcinoma,0.5269,OpenTargets
FGFR2,P21802,DOID:1793,Pancreatic ductal adenocarcinoma,0.5249,OpenTargets
EGFR,P00533,DOID:1793,Pancreatic ductal adenocarcinoma,0.5206,OpenTargets
NBN,O60934,DOID:1793,Pancreatic ductal adenocarcinoma,0.5115,OpenTargets
RBBP8,Q99708,DOID:1793,Pancreatic ductal adenocarcinoma,0.5083,OpenTargets
ACVR1,Q04771,DOID:1793,Pancreatic ductal adenocarcinoma,0.5077,OpenTargets
C11orf65,C11orf65,DOID:1793,Pancreatic ductal adenocarcinoma,0.507,OpenTargets
ZFHX3,Q15911,DOID:1793,Pancreatic ductal adenocarcinoma,0.5043,OpenTargets
FANCE,Q9HB96,DOID:1793,Pancreatic ductal adenocarcinoma,0.5018,OpenTargets
CDK6,Q00534,DOID:1793,Pancreatic ductal adenocarcinoma,0.4957,OpenTargets
MECOM,Q03112,DOID:1793,Pancreatic ductal adenocarcinoma,0.4945,OpenTargets
SND1,Q7KZF4,DOID:1793,Pancreatic ductal adenocarcinoma,0.4943,OpenTargets
ZNF521,Q96K83,DOID:1793,Pancreatic ductal adenocarcinoma,0.4938,OpenTargets
AFF3,P51826,DOID:1793,Pancreatic ductal adenocarcinoma,0.4935,OpenTargets
NR5A2,O00482,DOID:1793,Pancreatic ductal adenocarcinoma,0.4934,OpenTargets
CACNA1D,Q01668,DOID:1793,Pancreatic ductal adenocarcinoma,0.4933,OpenTargets
NRG1,Q02297,DOID:1793,Pancreatic ductal adenocarcinoma,0.4861,OpenTargets
CDH11,P55287,DOID:1793,Pancreatic ductal adenocarcinoma,0.4851,OpenTargets
ZBTB16,Q05516,DOID:1793,Pancreatic ductal adenocarcinoma,0.4834,OpenTargets
CDC73,Q6P1J9,DOID:1793,Pancreatic ductal adenocarcinoma,0.4832,OpenTargets
PREX2,Q70Z35,DOID:1793,Pancreatic ductal adenocarcinoma,0.483,OpenTargets
NTRK3,Q16288,DOID:1793,Pancreatic ductal adenocarcinoma,0.4829,OpenTargets
ESR1,P03372,DOID:1793,Pancreatic ductal adenocarcinoma,0.4827,OpenTargets
CAMTA1,Q9Y6Y1,DOID:1793,Pancreatic ductal adenocarcinoma,0.4825,OpenTargets
EXT2,Q93063,DOID:1793,Pancreatic ductal adenocarcinoma,0.4825,OpenTargets
PTPRK,Q15262,DOID:1793,Pancreatic ductal adenocarcinoma,0.4825,OpenTargets
EXT1,Q16394,DOID:1793,Pancreatic ductal adenocarcinoma,0.4825,OpenTargets
MAP3K13,O43283,DOID:1793,Pancreatic ductal adenocarcinoma,0.4812,OpenTargets
KIT,P10721,DOID:1793,Pancreatic ductal adenocarcinoma,0.4799,OpenTargets
TOP1,P11387,DOID:1793,Pancreatic ductal adenocarcinoma,0.4795,OpenTargets
PDGFRB,P09619,DOID:1793,Pancreatic ductal adenocarcinoma,0.4783,OpenTargets
TYMS,P04818,DOID:1793,Pancreatic ductal adenocarcinoma,0.478,OpenTargets
ABO,P16442,DOID:1793,Pancreatic ductal adenocarcinoma,0.4771,OpenTargets
ARID1B,Q8NFD5,DOID:1793,Pancreatic ductal adenocarcinoma,0.4766,OpenTargets
SMAD3,P84022,DOID:1793,Pancreatic ductal adenocarcinoma,0.4762,OpenTargets
LEF1,Q9UJU2,DOID:1793,Pancreatic ductal adenocarcinoma,0.4732,OpenTargets
NFATC2,Q13469,DOID:1793,Pancreatic ductal adenocarcinoma,0.4719,OpenTargets
NCOR1,O75376,DOID:1793,Pancreatic ductal adenocarcinoma,0.4715,OpenTargets
HIP1,O00291,DOID:1793,Pancreatic ductal adenocarcinoma,0.4701,OpenTargets
GRIN2A,Q12879,DOID:1793,Pancreatic ductal adenocarcinoma,0.47,OpenTargets
MLLT10,P55197,DOID:1793,Pancreatic ductal adenocarcinoma,0.4697,OpenTargets
QKI,Q96PU8,DOID:1793,Pancreatic ductal adenocarcinoma,0.4697,OpenTargets
FOXP1,Q9H334,DOID:1793,Pancreatic ductal adenocarcinoma,0.4684,OpenTargets
GPC3,P51654,DOID:1793,Pancreatic ductal adenocarcinoma,0.4677,OpenTargets
FHIT,P49789,DOID:1793,Pancreatic ductal adenocarcinoma,0.4664,OpenTargets
PTPRC,P08575,DOID:1793,Pancreatic ductal adenocarcinoma,0.4656,OpenTargets
MAML2,Q8IZL2,DOID:1793,Pancreatic ductal adenocarcinoma,0.4642,OpenTargets
RAD51B,O15315,DOID:1793,Pancreatic ductal adenocarcinoma,0.4641,OpenTargets
LPP,Q93052,DOID:1793,Pancreatic ductal adenocarcinoma,0.4638,OpenTargets
NTRK2,Q16620,DOID:1793,Pancreatic ductal adenocarcinoma,0.4637,OpenTargets
MSI2,Q96DH6,DOID:1793,Pancreatic ductal adenocarcinoma,0.4635,OpenTargets
ARHGAP26,Q9UNA1,DOID:1793,Pancreatic ductal adenocarcinoma,0.4632,OpenTargets
EBF1,Q9UH73,DOID:1793,Pancreatic ductal adenocarcinoma,0.4626,OpenTargets
SETBP1,Q9Y6X0,DOID:1793,Pancreatic ductal adenocarcinoma,0.4622,OpenTargets
BMPR1A,P36894,DOID:1793,Pancreatic ductal adenocarcinoma,0.462,OpenTargets
AR,P10275,DOID:1793,Pancreatic ductal adenocarcinoma,0.4618,OpenTargets
ABL2,P42684,DOID:1793,Pancreatic ductal adenocarcinoma,0.4612,OpenTargets
MITF,O75030,DOID:1793,Pancreatic ductal adenocarcinoma,0.4598,OpenTargets
CARD11,Q9BXL7,DOID:1793,Pancreatic ductal adenocarcinoma,0.4594,OpenTargets
CLTCL1,P53675,DOID:1793,Pancreatic ductal adenocarcinoma,0.4594,OpenTargets
