source,target,edge_key,edge_type,pchembl_value,combined_score,ot_score,source_db
P01116,DOID:1793,0,gene-disease,,,0.8156,OpenTargets
P01116,P27037,0,protein-protein,,448,,STRING
P01116,P36896,0,protein-protein,,401,,STRING
P01116,P23921,0,protein-protein,,413,,STRING
P01116,P28340,0,protein-protein,,453,,STRING
P01116,P98175,0,protein-protein,,482,,STRING
P01116,P45985,0,protein-protein,,504,,STRING
P01116,Q86YC2,0,protein-protein,,516,,STRING
P01116,O96017,0,protein-protein,,536,,STRING
P01116,O14686,0,protein-protein,,546,,STRING
P01116,Q9NZR2,0,protein-protein,,546,,STRING
P01116,O15550,0,protein-protein,,562,,STRING
P01116,Q00534,0,protein-protein,,636,,STRING
P01116,P37173,0,protein-protein,,648,,STRING
P01116,Q68DV7,0,protein-protein,,670,,STRING
P01116,Q07864,0,protein-protein,,680,,STRING
P01116,Q13315,0,protein-protein,,718,,STRING
P01116,P38398,0,protein-protein,,721,,STRING
P01116,P51587,0,protein-protein,,721,,STRING
P01116,Q8NEZ4,0,protein-protein,,756,,STRING
P01116,P84996,0,protein-protein,,792,,STRING
P01116,Q15303,0,protein-protein,,862,,STRING
P01116,O14497,0,protein-protein,,873,,STRING
P01116,Q15831,0,protein-protein,,880,,STRING
P01116,Q13485,0,protein-protein,,917,,STRING
P01116,P04637,0,protein-protein,,949,,STRING
P01116,P21802,0,protein-protein,,973,,STRING
P01116,P42771,0,protein-protein,,992,,STRING
P01116,P00533,0,protein-protein,,997,,STRING
P01116,P04049,0,protein-protein,,999,,STRING
P04637,DOID:1793,0,gene-disease,,,0.8077,OpenTargets
P04637,Q7LG56,0,protein-protein,,992,,STRING
P04637,P01116,0,protein-protein,,949,,STRING
P04637,Q9BX63,0,protein-protein,,645,,STRING
P04637,Q86YC2,0,protein-protein,,738,,STRING
P04637,Q8NEZ4,0,protein-protein,,858,,STRING
P04637,O60934,0,protein-protein,,763,,STRING
P04637,Q00534,0,protein-protein,,808,,STRING
P04637,P09884,0,protein-protein,,434,,STRING
P04637,P39880,0,protein-protein,,444,,STRING
P04637,P23921,0,protein-protein,,475,,STRING
P04637,P45985,0,protein-protein,,575,,STRING
P04637,P28340,0,protein-protein,,592,,STRING
P04637,Q9NZR2,0,protein-protein,,593,,STRING
P04637,P04049,0,protein-protein,,605,,STRING
P04637,P37173,0,protein-protein,,618,,STRING
P04637,P98175,0,protein-protein,,634,,STRING
P04637,P21802,0,protein-protein,,662,,STRING
P04637,Q68DV7,0,protein-protein,,692,,STRING
P04637,Q07864,0,protein-protein,,697,,STRING
P04637,Q99708,0,protein-protein,,699,,STRING
P04637,O15550,0,protein-protein,,710,,STRING
P04637,Q15303,0,protein-protein,,726,,STRING
P04637,P31350,0,protein-protein,,803,,STRING
P04637,O14686,0,protein-protein,,810,,STRING
P04637,P84996,0,protein-protein,,810,,STRING
P04637,Q13485,0,protein-protein,,875,,STRING
P04637,P00533,0,protein-protein,,943,,STRING
P04637,O14497,0,protein-protein,,961,,STRING
P04637,Q15831,0,protein-protein,,970,,STRING
P04637,P51587,0,protein-protein,,995,,STRING
P04637,Q13315,0,protein-protein,,999,,STRING
P04637,O96017,0,protein-protein,,999,,STRING
P04637,P38398,0,protein-protein,,999,,STRING
P04637,P42771,0,protein-protein,,999,,STRING
Q13485,DOID:1793,0,gene-disease,,,0.7851,OpenTargets
Q13485,P27037,0,protein-protein,,894,,STRING
Q13485,P01116,0,protein-protein,,917,,STRING
Q13485,Q86YC2,0,protein-protein,,545,,STRING
Q13485,Q8NEZ4,0,protein-protein,,534,,STRING
Q13485,Q00534,0,protein-protein,,465,,STRING
Q13485,P04637,0,protein-protein,,875,,STRING
Q13485,P00533,0,protein-protein,,735,,STRING
Q13485,Q13315,0,protein-protein,,654,,STRING
Q13485,O14497,0,protein-protein,,676,,STRING
Q13485,Q07864,0,protein-protein,,584,,STRING
Q13485,Q15831,0,protein-protein,,847,,STRING
Q13485,Q9NZR2,0,protein-protein,,411,,STRING
Q13485,O15550,0,protein-protein,,439,,STRING
Q13485,O96017,0,protein-protein,,472,,STRING
Q13485,P45985,0,protein-protein,,539,,STRING
Q13485,P28340,0,protein-protein,,554,,STRING
Q13485,P38398,0,protein-protein,,596,,STRING
Q13485,P21802,0,protein-protein,,605,,STRING
Q13485,Q15303,0,protein-protein,,630,,STRING
Q13485,Q68DV7,0,protein-protein,,645,,STRING
Q13485,P51587,0,protein-protein,,672,,STRING
Q13485,P84996,0,protein-protein,,692,,STRING
Q13485,P42771,0,protein-protein,,851,,STRING
Q13485,Q04771,0,protein-protein,,860,,STRING
Q13485,P36896,0,protein-protein,,957,,STRING
Q13485,P37173,0,protein-protein,,996,,STRING
Q86YC2,DOID:1793,0,gene-disease,,,0.7847,OpenTargets
Q86YC2,P56282,0,protein-protein,,531,,STRING
Q86YC2,Q9HB96,0,protein-protein,,884,,STRING
Q86YC2,P01116,0,protein-protein,,516,,STRING
Q86YC2,Q9BX63,0,protein-protein,,998,,STRING
Q86YC2,Q9HCU8,0,protein-protein,,400,,STRING
Q86YC2,Q68DV7,0,protein-protein,,402,,STRING
Q86YC2,Q8NEZ4,0,protein-protein,,407,,STRING
Q86YC2,Q9NRF9,0,protein-protein,,482,,STRING
Q86YC2,O15550,0,protein-protein,,507,,STRING
Q86YC2,O14497,0,protein-protein,,513,,STRING
Q86YC2,P49005,0,protein-protein,,523,,STRING
Q86YC2,Q13485,0,protein-protein,,545,,STRING
Q86YC2,Q15054,0,protein-protein,,655,,STRING
Q86YC2,P42771,0,protein-protein,,664,,STRING
Q86YC2,P04637,0,protein-protein,,738,,STRING
Q86YC2,Q07864,0,protein-protein,,764,,STRING
Q86YC2,O60934,0,protein-protein,,801,,STRING
Q86YC2,P28340,0,protein-protein,,805,,STRING
Q86YC2,Q15831,0,protein-protein,,843,,STRING
Q86YC2,O96017,0,protein-protein,,921,,STRING
Q86YC2,Q13315,0,protein-protein,,945,,STRING
Q86YC2,Q99708,0,protein-protein,,953,,STRING
Q86YC2,P38398,0,protein-protein,,999,,STRING
Q86YC2,P51587,0,protein-protein,,999,,STRING
P51587,DOID:1793,0,gene-disease,,,0.7734,OpenTargets
P51587,P56282,0,protein-protein,,634,,STRING
P51587,Q9HB96,0,protein-protein,,899,,STRING
P51587,P01116,0,protein-protein,,721,,STRING
P51587,Q9BX63,0,protein-protein,,998,,STRING
P51587,Q86YC2,0,protein-protein,,999,,STRING
P51587,Q8NEZ4,0,protein-protein,,582,,STRING
P51587,Q15054,0,protein-protein,,667,,STRING
P51587,O60934,0,protein-protein,,901,,STRING
P51587,Q00534,0,protein-protein,,490,,STRING
P51587,P04637,0,protein-protein,,995,,STRING
P51587,P00533,0,protein-protein,,678,,STRING
P51587,Q13315,0,protein-protein,,995,,STRING
P51587,O14686,0,protein-protein,,450,,STRING
P51587,Q9HCU8,0,protein-protein,,419,,STRING
P51587,O14497,0,protein-protein,,663,,STRING
P51587,Q07864,0,protein-protein,,849,,STRING
P51587,Q15831,0,protein-protein,,830,,STRING
P51587,Q13485,0,protein-protein,,672,,STRING
P51587,Q15303,0,protein-protein,,429,,STRING
P51587,P37173,0,protein-protein,,431,,STRING
P51587,P84996,0,protein-protein,,447,,STRING
P51587,Q9NRF9,0,protein-protein,,495,,STRING
P51587,P09884,0,protein-protein,,457,,STRING
P51587,P36896,0,protein-protein,,438,,STRING
P51587,Q68DV7,0,protein-protein,,471,,STRING
P51587,P49005,0,protein-protein,,502,,STRING
P51587,P45985,0,protein-protein,,562,,STRING
P51587,P21802,0,protein-protein,,581,,STRING
P51587,P42771,0,protein-protein,,806,,STRING
P51587,P28340,0,protein-protein,,896,,STRING
P51587,Q99708,0,protein-protein,,983,,STRING
P51587,O96017,0,protein-protein,,985,,STRING
P51587,P38398,0,protein-protein,,999,,STRING
Q15831,DOID:1793,0,gene-disease,,,0.7593,OpenTargets
Q15831,P01116,0,protein-protein,,880,,STRING
Q15831,Q86YC2,0,protein-protein,,843,,STRING
Q15831,Q8NEZ4,0,protein-protein,,521,,STRING
Q15831,P04637,0,protein-protein,,970,,STRING
Q15831,Q13315,0,protein-protein,,890,,STRING
Q15831,O14686,0,protein-protein,,466,,STRING
Q15831,O14497,0,protein-protein,,573,,STRING
Q15831,Q07864,0,protein-protein,,607,,STRING
Q15831,P98175,0,protein-protein,,465,,STRING
Q15831,Q68DV7,0,protein-protein,,502,,STRING
Q15831,P28340,0,protein-protein,,586,,STRING
Q15831,Q15303,0,protein-protein,,594,,STRING
Q15831,P84996,0,protein-protein,,595,,STRING
Q15831,P38398,0,protein-protein,,740,,STRING
Q15831,P42771,0,protein-protein,,824,,STRING
Q15831,P51587,0,protein-protein,,830,,STRING
Q15831,Q13485,0,protein-protein,,847,,STRING
P42771,DOID:1793,0,gene-disease,,,0.7295,OpenTargets
P42771,Q9HB96,0,protein-protein,,492,,STRING
P42771,P01116,0,protein-protein,,992,,STRING
P42771,Q86YC2,0,protein-protein,,664,,STRING
P42771,Q8NEZ4,0,protein-protein,,599,,STRING
P42771,Q00534,0,protein-protein,,999,,STRING
P42771,P04637,0,protein-protein,,999,,STRING
P42771,P00533,0,protein-protein,,910,,STRING
P42771,Q13315,0,protein-protein,,847,,STRING
P42771,O14686,0,protein-protein,,599,,STRING
P42771,O14497,0,protein-protein,,720,,STRING
P42771,Q07864,0,protein-protein,,512,,STRING
P42771,Q15831,0,protein-protein,,824,,STRING
P42771,Q13485,0,protein-protein,,851,,STRING
P42771,Q15303,0,protein-protein,,560,,STRING
P42771,P37173,0,protein-protein,,534,,STRING
P42771,P31350,0,protein-protein,,402,,STRING
P42771,P84996,0,protein-protein,,622,,STRING
P42771,O15550,0,protein-protein,,618,,STRING
P42771,P51587,0,protein-protein,,806,,STRING
P42771,O96017,0,protein-protein,,758,,STRING
P42771,Q9NZR2,0,protein-protein,,505,,STRING
P42771,P04049,0,protein-protein,,557,,STRING
P42771,P21802,0,protein-protein,,592,,STRING
P42771,P45985,0,protein-protein,,421,,STRING
P42771,P28340,0,protein-protein,,411,,STRING
P42771,Q68DV7,0,protein-protein,,700,,STRING
P42771,P38398,0,protein-protein,,832,,STRING
P28340,DOID:1793,0,gene-disease,,,0.7209,OpenTargets
P28340,P56282,0,protein-protein,,992,,STRING
P28340,Q9HB96,0,protein-protein,,477,,STRING
P28340,P01116,0,protein-protein,,453,,STRING
P28340,Q9BX63,0,protein-protein,,800,,STRING
P28340,Q86YC2,0,protein-protein,,805,,STRING
P28340,Q15054,0,protein-protein,,999,,STRING
P28340,O60934,0,protein-protein,,549,,STRING
P28340,Q14181,0,protein-protein,,994,,STRING
P28340,P04637,0,protein-protein,,592,,STRING
P28340,Q13315,0,protein-protein,,960,,STRING
P28340,P23921,0,protein-protein,,577,,STRING
P28340,Q9HCU8,0,protein-protein,,999,,STRING
P28340,Q07864,0,protein-protein,,999,,STRING
P28340,Q15831,0,protein-protein,,586,,STRING
P28340,Q13485,0,protein-protein,,554,,STRING
P28340,P49642,0,protein-protein,,990,,STRING
P28340,P31350,0,protein-protein,,493,,STRING
P28340,Q9NRF9,0,protein-protein,,985,,STRING
P28340,P09884,0,protein-protein,,989,,STRING
P28340,P51587,0,protein-protein,,896,,STRING
P28340,O96017,0,protein-protein,,753,,STRING
P28340,Q99708,0,protein-protein,,545,,STRING
P28340,P42771,0,protein-protein,,411,,STRING
P28340,P38398,0,protein-protein,,937,,STRING
P28340,Q68DV7,0,protein-protein,,447,,STRING
P28340,P49643,0,protein-protein,,992,,STRING
P28340,P49005,0,protein-protein,,999,,STRING
Q13315,DOID:1793,0,gene-disease,,,0.6984,OpenTargets
Q13315,P56282,0,protein-protein,,510,,STRING
Q13315,Q9HB96,0,protein-protein,,651,,STRING
Q13315,Q7LG56,0,protein-protein,,590,,STRING
Q13315,P01116,0,protein-protein,,718,,STRING
Q13315,Q9BX63,0,protein-protein,,933,,STRING
Q13315,Q86YC2,0,protein-protein,,945,,STRING
Q13315,Q8NEZ4,0,protein-protein,,576,,STRING
Q13315,Q15054,0,protein-protein,,571,,STRING
Q13315,O60934,0,protein-protein,,999,,STRING
Q13315,Q00534,0,protein-protein,,619,,STRING
Q13315,P04637,0,protein-protein,,999,,STRING
Q13315,P00533,0,protein-protein,,681,,STRING
Q13315,Q9NZR2,0,protein-protein,,418,,STRING
Q13315,P31350,0,protein-protein,,423,,STRING
Q13315,P45985,0,protein-protein,,428,,STRING
Q13315,Q68DV7,0,protein-protein,,439,,STRING
Q13315,O14686,0,protein-protein,,511,,STRING
Q13315,P23921,0,protein-protein,,522,,STRING
Q13315,P49005,0,protein-protein,,525,,STRING
Q13315,Q15303,0,protein-protein,,526,,STRING
Q13315,Q9NRF9,0,protein-protein,,529,,STRING
Q13315,P84996,0,protein-protein,,571,,STRING
Q13315,Q15911,0,protein-protein,,579,,STRING
Q13315,Q9HCU8,0,protein-protein,,594,,STRING
Q13315,P37173,0,protein-protein,,631,,STRING
Q13315,Q13485,0,protein-protein,,654,,STRING
Q13315,O14497,0,protein-protein,,661,,STRING
Q13315,P21802,0,protein-protein,,705,,STRING
Q13315,O15550,0,protein-protein,,712,,STRING
Q13315,Q07864,0,protein-protein,,794,,STRING
Q13315,P42771,0,protein-protein,,847,,STRING
Q13315,Q15831,0,protein-protein,,890,,STRING
Q13315,P28340,0,protein-protein,,960,,STRING
Q13315,Q99708,0,protein-protein,,973,,STRING
Q13315,P51587,0,protein-protein,,995,,STRING
Q13315,P38398,0,protein-protein,,999,,STRING
Q13315,O96017,0,protein-protein,,999,,STRING
P38398,DOID:1793,0,gene-disease,,,0.6803,OpenTargets
P38398,P56282,0,protein-protein,,702,,STRING
P38398,Q9HB96,0,protein-protein,,920,,STRING
P38398,P01116,0,protein-protein,,721,,STRING
P38398,Q9BX63,0,protein-protein,,999,,STRING
P38398,Q86YC2,0,protein-protein,,999,,STRING
P38398,Q8NEZ4,0,protein-protein,,516,,STRING
P38398,Q15054,0,protein-protein,,723,,STRING
P38398,O60934,0,protein-protein,,993,,STRING
P38398,Q14181,0,protein-protein,,445,,STRING
P38398,Q00534,0,protein-protein,,578,,STRING
P38398,P04637,0,protein-protein,,999,,STRING
P38398,P00533,0,protein-protein,,800,,STRING
P38398,Q13315,0,protein-protein,,999,,STRING
P38398,P23921,0,protein-protein,,652,,STRING
P38398,Q9HCU8,0,protein-protein,,443,,STRING
P38398,O14497,0,protein-protein,,801,,STRING
P38398,Q07864,0,protein-protein,,919,,STRING
P38398,Q15831,0,protein-protein,,740,,STRING
P38398,Q13485,0,protein-protein,,596,,STRING
P38398,Q15303,0,protein-protein,,436,,STRING
P38398,P49642,0,protein-protein,,426,,STRING
P38398,P31350,0,protein-protein,,620,,STRING
P38398,Q9NRF9,0,protein-protein,,540,,STRING
P38398,P09884,0,protein-protein,,462,,STRING
P38398,P51587,0,protein-protein,,999,,STRING
P38398,O96017,0,protein-protein,,999,,STRING
P38398,Q99708,0,protein-protein,,999,,STRING
P38398,P21802,0,protein-protein,,575,,STRING
P38398,P42771,0,protein-protein,,832,,STRING
P38398,P49005,0,protein-protein,,525,,STRING
P38398,P28340,0,protein-protein,,937,,STRING
Q68DV7,DOID:1793,0,gene-disease,,,0.6803,OpenTargets
Q68DV7,P01116,0,protein-protein,,670,,STRING
Q68DV7,Q86YC2,0,protein-protein,,402,,STRING
Q68DV7,Q8NEZ4,0,protein-protein,,564,,STRING
Q68DV7,P04637,0,protein-protein,,692,,STRING
Q68DV7,P00533,0,protein-protein,,405,,STRING
Q68DV7,Q13315,0,protein-protein,,439,,STRING
Q68DV7,O14686,0,protein-protein,,450,,STRING
Q68DV7,O14497,0,protein-protein,,637,,STRING
Q68DV7,Q07864,0,protein-protein,,573,,STRING
Q68DV7,Q15831,0,protein-protein,,502,,STRING
Q68DV7,Q13485,0,protein-protein,,645,,STRING
Q68DV7,P37173,0,protein-protein,,448,,STRING
Q68DV7,P84996,0,protein-protein,,698,,STRING
Q68DV7,P51587,0,protein-protein,,471,,STRING
Q68DV7,P42771,0,protein-protein,,700,,STRING
Q68DV7,P28340,0,protein-protein,,447,,STRING
Q07864,DOID:1793,0,gene-disease,,,0.676,OpenTargets
Q07864,P56282,0,protein-protein,,999,,STRING
Q07864,Q9HB96,0,protein-protein,,413,,STRING
Q07864,P01116,0,protein-protein,,680,,STRING
Q07864,Q9BX63,0,protein-protein,,660,,STRING
Q07864,Q86YC2,0,protein-protein,,764,,STRING
Q07864,Q15054,0,protein-protein,,963,,STRING
Q07864,O60934,0,protein-protein,,556,,STRING
Q07864,Q14181,0,protein-protein,,993,,STRING
Q07864,P04637,0,protein-protein,,697,,STRING
Q07864,P00533,0,protein-protein,,513,,STRING
Q07864,Q13315,0,protein-protein,,794,,STRING
Q07864,P23921,0,protein-protein,,547,,STRING
Q07864,O14686,0,protein-protein,,408,,STRING
Q07864,Q9HCU8,0,protein-protein,,799,,STRING
Q07864,O14497,0,protein-protein,,672,,STRING
Q07864,P21802,0,protein-protein,,403,,STRING
Q07864,Q99708,0,protein-protein,,509,,STRING
Q07864,P42771,0,protein-protein,,512,,STRING
Q07864,Q68DV7,0,protein-protein,,573,,STRING
Q07864,Q13485,0,protein-protein,,584,,STRING
Q07864,Q15831,0,protein-protein,,607,,STRING
Q07864,O96017,0,protein-protein,,778,,STRING
Q07864,P51587,0,protein-protein,,849,,STRING
Q07864,P38398,0,protein-protein,,919,,STRING
Q07864,P49643,0,protein-protein,,988,,STRING
Q07864,P49642,0,protein-protein,,990,,STRING
Q07864,P49005,0,protein-protein,,991,,STRING
Q07864,P09884,0,protein-protein,,997,,STRING
Q07864,Q9NRF9,0,protein-protein,,999,,STRING
Q07864,P28340,0,protein-protein,,999,,STRING
O14497,DOID:1793,0,gene-disease,,,0.6499,OpenTargets
O14497,P01116,0,protein-protein,,873,,STRING
O14497,Q86YC2,0,protein-protein,,513,,STRING
O14497,Q8NEZ4,0,protein-protein,,823,,STRING
O14497,Q00534,0,protein-protein,,422,,STRING
O14497,P04637,0,protein-protein,,961,,STRING
O14497,P00533,0,protein-protein,,599,,STRING
O14497,Q13315,0,protein-protein,,661,,STRING
O14497,O14686,0,protein-protein,,813,,STRING
O14497,P45985,0,protein-protein,,403,,STRING
O14497,O96017,0,protein-protein,,433,,STRING
O14497,P37173,0,protein-protein,,475,,STRING
O14497,P98175,0,protein-protein,,564,,STRING
O14497,P84996,0,protein-protein,,571,,STRING
O14497,Q15831,0,protein-protein,,573,,STRING
O14497,Q9NZR2,0,protein-protein,,584,,STRING
O14497,P21802,0,protein-protein,,592,,STRING
O14497,Q68DV7,0,protein-protein,,637,,STRING
O14497,P51587,0,protein-protein,,663,,STRING
O14497,Q07864,0,protein-protein,,672,,STRING
O14497,O15550,0,protein-protein,,675,,STRING
O14497,Q13485,0,protein-protein,,676,,STRING
O14497,P42771,0,protein-protein,,720,,STRING
O14497,P38398,0,protein-protein,,801,,STRING
P37173,DOID:1793,0,gene-disease,,,0.6251,OpenTargets
P37173,P27037,0,protein-protein,,544,,STRING
P37173,P01116,0,protein-protein,,648,,STRING
P37173,P04637,0,protein-protein,,618,,STRING
P37173,P00533,0,protein-protein,,606,,STRING
P37173,Q13315,0,protein-protein,,631,,STRING
P37173,O14497,0,protein-protein,,475,,STRING
P37173,Q13485,0,protein-protein,,996,,STRING
P37173,P51587,0,protein-protein,,431,,STRING
P37173,Q68DV7,0,protein-protein,,448,,STRING
P37173,P42771,0,protein-protein,,534,,STRING
P37173,P36896,0,protein-protein,,740,,STRING
P37173,Q04771,0,protein-protein,,810,,STRING
P36896,DOID:1793,0,gene-disease,,,0.6222,OpenTargets
P36896,P27037,0,protein-protein,,998,,STRING
P36896,P01116,0,protein-protein,,401,,STRING
P36896,Q13485,0,protein-protein,,957,,STRING
P36896,P37173,0,protein-protein,,740,,STRING
P36896,P51587,0,protein-protein,,438,,STRING
P36896,Q04771,0,protein-protein,,979,,STRING
P84996,DOID:1793,0,gene-disease,,,0.6118,OpenTargets
P84996,P01116,0,protein-protein,,792,,STRING
P84996,Q8NEZ4,0,protein-protein,,448,,STRING
P84996,P04637,0,protein-protein,,810,,STRING
P84996,P00533,0,protein-protein,,718,,STRING
P84996,Q13315,0,protein-protein,,571,,STRING
P84996,O14497,0,protein-protein,,571,,STRING
P84996,Q15831,0,protein-protein,,595,,STRING
P84996,Q13485,0,protein-protein,,692,,STRING
P84996,Q15303,0,protein-protein,,572,,STRING
P84996,P39880,0,protein-protein,,476,,STRING
P84996,P51587,0,protein-protein,,447,,STRING
P84996,P45985,0,protein-protein,,581,,STRING
P84996,P21802,0,protein-protein,,602,,STRING
P84996,P42771,0,protein-protein,,622,,STRING
P84996,Q68DV7,0,protein-protein,,698,,STRING
Q8NEZ4,DOID:1793,0,gene-disease,,,0.6,OpenTargets
Q8NEZ4,P01116,0,protein-protein,,756,,STRING
Q8NEZ4,Q86YC2,0,protein-protein,,407,,STRING
Q8NEZ4,P84996,0,protein-protein,,448,,STRING
Q8NEZ4,P00533,0,protein-protein,,464,,STRING
Q8NEZ4,P45985,0,protein-protein,,474,,STRING
Q8NEZ4,P38398,0,protein-protein,,516,,STRING
Q8NEZ4,Q15831,0,protein-protein,,521,,STRING
Q8NEZ4,Q13485,0,protein-protein,,534,,STRING
Q8NEZ4,Q68DV7,0,protein-protein,,564,,STRING
Q8NEZ4,Q13315,0,protein-protein,,576,,STRING
Q8NEZ4,P51587,0,protein-protein,,582,,STRING
Q8NEZ4,Q15911,0,protein-protein,,587,,STRING
Q8NEZ4,Q9NZR2,0,protein-protein,,588,,STRING
Q8NEZ4,P42771,0,protein-protein,,599,,STRING
Q8NEZ4,O14497,0,protein-protein,,823,,STRING
Q8NEZ4,P04637,0,protein-protein,,858,,STRING
Q8NEZ4,O14686,0,protein-protein,,998,,STRING
Q8NEZ4,O15550,0,protein-protein,,999,,STRING
P31350,DOID:1793,0,gene-disease,,,0.5887,OpenTargets
P31350,P56282,0,protein-protein,,600,,STRING
P31350,Q7LG56,0,protein-protein,,997,,STRING
P31350,Q14181,0,protein-protein,,444,,STRING
P31350,Q00534,0,protein-protein,,498,,STRING
P31350,P04637,0,protein-protein,,803,,STRING
P31350,Q13315,0,protein-protein,,423,,STRING
P31350,P23921,0,protein-protein,,999,,STRING
P31350,P49642,0,protein-protein,,662,,STRING
P31350,P42771,0,protein-protein,,402,,STRING
P31350,P28340,0,protein-protein,,493,,STRING
P31350,P09884,0,protein-protein,,610,,STRING
P31350,P38398,0,protein-protein,,620,,STRING
P31350,O96017,0,protein-protein,,642,,STRING
P31350,P49643,0,protein-protein,,746,,STRING
P98175,DOID:1793,0,gene-disease,,,0.5876,OpenTargets
P98175,P01116,0,protein-protein,,482,,STRING
P98175,P04637,0,protein-protein,,634,,STRING
P98175,P00533,0,protein-protein,,684,,STRING
P98175,O14497,0,protein-protein,,564,,STRING
P98175,Q15831,0,protein-protein,,465,,STRING
P98175,O15550,0,protein-protein,,421,,STRING
P23921,DOID:1793,0,gene-disease,,,0.5849,OpenTargets
P23921,P56282,0,protein-protein,,433,,STRING
P23921,Q7LG56,0,protein-protein,,999,,STRING
P23921,P01116,0,protein-protein,,413,,STRING
P23921,Q15054,0,protein-protein,,436,,STRING
P23921,Q14181,0,protein-protein,,735,,STRING
P23921,Q00534,0,protein-protein,,414,,STRING
P23921,P04637,0,protein-protein,,475,,STRING
P23921,P00533,0,protein-protein,,457,,STRING
P23921,Q13315,0,protein-protein,,522,,STRING
P23921,P21802,0,protein-protein,,481,,STRING
P23921,Q07864,0,protein-protein,,547,,STRING
P23921,P49643,0,protein-protein,,572,,STRING
P23921,P28340,0,protein-protein,,577,,STRING
P23921,P38398,0,protein-protein,,652,,STRING
P23921,P49642,0,protein-protein,,775,,STRING
P23921,O96017,0,protein-protein,,776,,STRING
P23921,P09884,0,protein-protein,,836,,STRING
P23921,P31350,0,protein-protein,,999,,STRING
P49005,DOID:1793,0,gene-disease,,,0.5839,OpenTargets
P49005,P56282,0,protein-protein,,987,,STRING
P49005,Q9BX63,0,protein-protein,,490,,STRING
P49005,Q86YC2,0,protein-protein,,523,,STRING
P49005,Q15054,0,protein-protein,,999,,STRING
P49005,O60934,0,protein-protein,,440,,STRING
P49005,Q14181,0,protein-protein,,987,,STRING
P49005,Q13315,0,protein-protein,,525,,STRING
P49005,Q9HCU8,0,protein-protein,,999,,STRING
P49005,Q07864,0,protein-protein,,991,,STRING
P49005,P49642,0,protein-protein,,961,,STRING
P49005,Q9NRF9,0,protein-protein,,970,,STRING
P49005,P09884,0,protein-protein,,993,,STRING
P49005,P51587,0,protein-protein,,502,,STRING
P49005,O96017,0,protein-protein,,414,,STRING
P49005,Q99708,0,protein-protein,,513,,STRING
P49005,P38398,0,protein-protein,,525,,STRING
P49005,P28340,0,protein-protein,,999,,STRING
P49005,P49643,0,protein-protein,,969,,STRING
P49643,DOID:1793,0,gene-disease,,,0.583,OpenTargets
P49643,P56282,0,protein-protein,,986,,STRING
P49643,Q7LG56,0,protein-protein,,699,,STRING
P49643,Q9BX63,0,protein-protein,,500,,STRING
P49643,Q15054,0,protein-protein,,943,,STRING
P49643,Q14181,0,protein-protein,,999,,STRING
P49643,P23921,0,protein-protein,,572,,STRING
P49643,Q9HCU8,0,protein-protein,,558,,STRING
P49643,Q07864,0,protein-protein,,988,,STRING
P49643,P49642,0,protein-protein,,999,,STRING
P49643,P31350,0,protein-protein,,746,,STRING
P49643,Q9NRF9,0,protein-protein,,967,,STRING
P49643,P09884,0,protein-protein,,999,,STRING
P49643,O96017,0,protein-protein,,417,,STRING
P49643,P28340,0,protein-protein,,992,,STRING
P49643,P49005,0,protein-protein,,969,,STRING
Q9HCU8,DOID:1793,0,gene-disease,,,0.5817,OpenTargets
Q9HCU8,P56282,0,protein-protein,,730,,STRING
Q9HCU8,Q9BX63,0,protein-protein,,400,,STRING
Q9HCU8,Q86YC2,0,protein-protein,,400,,STRING
Q9HCU8,Q15054,0,protein-protein,,999,,STRING
Q9HCU8,O60934,0,protein-protein,,410,,STRING
Q9HCU8,Q14181,0,protein-protein,,560,,STRING
Q9HCU8,Q13315,0,protein-protein,,594,,STRING
Q9HCU8,Q99708,0,protein-protein,,400,,STRING
Q9HCU8,P51587,0,protein-protein,,419,,STRING
Q9HCU8,P38398,0,protein-protein,,443,,STRING
Q9HCU8,P49642,0,protein-protein,,543,,STRING
Q9HCU8,P49643,0,protein-protein,,558,,STRING
Q9HCU8,Q9NRF9,0,protein-protein,,564,,STRING
Q9HCU8,P09884,0,protein-protein,,741,,STRING
Q9HCU8,Q07864,0,protein-protein,,799,,STRING
Q9HCU8,P49005,0,protein-protein,,999,,STRING
Q9HCU8,P28340,0,protein-protein,,999,,STRING
P56282,DOID:1793,0,gene-disease,,,0.5806,OpenTargets
P56282,O60934,0,protein-protein,,419,,STRING
P56282,P23921,0,protein-protein,,433,,STRING
P56282,O96017,0,protein-protein,,445,,STRING
P56282,Q13315,0,protein-protein,,510,,STRING
P56282,Q99708,0,protein-protein,,514,,STRING
P56282,Q86YC2,0,protein-protein,,531,,STRING
P56282,Q9BX63,0,protein-protein,,600,,STRING
P56282,P31350,0,protein-protein,,600,,STRING
P56282,P51587,0,protein-protein,,634,,STRING
P56282,P38398,0,protein-protein,,702,,STRING
P56282,Q9HCU8,0,protein-protein,,730,,STRING
P56282,Q15054,0,protein-protein,,961,,STRING
P56282,P49643,0,protein-protein,,986,,STRING
P56282,P49642,0,protein-protein,,986,,STRING
P56282,P49005,0,protein-protein,,987,,STRING
P56282,Q14181,0,protein-protein,,991,,STRING
P56282,P28340,0,protein-protein,,992,,STRING
P56282,P09884,0,protein-protein,,996,,STRING
P56282,Q9NRF9,0,protein-protein,,999,,STRING
P56282,Q07864,0,protein-protein,,999,,STRING
Q7LG56,DOID:1793,0,gene-disease,,,0.5802,OpenTargets
Q7LG56,P09884,0,protein-protein,,433,,STRING
Q7LG56,O60934,0,protein-protein,,434,,STRING
Q7LG56,Q13315,0,protein-protein,,590,,STRING
Q7LG56,O96017,0,protein-protein,,622,,STRING
Q7LG56,P49643,0,protein-protein,,699,,STRING
Q7LG56,P04637,0,protein-protein,,992,,STRING
Q7LG56,P31350,0,protein-protein,,997,,STRING
Q7LG56,P23921,0,protein-protein,,999,,STRING
P49642,DOID:1793,0,gene-disease,,,0.5802,OpenTargets
P49642,P56282,0,protein-protein,,986,,STRING
P49642,Q15054,0,protein-protein,,948,,STRING
P49642,Q14181,0,protein-protein,,999,,STRING
P49642,P23921,0,protein-protein,,775,,STRING
P49642,Q9HCU8,0,protein-protein,,543,,STRING
P49642,Q07864,0,protein-protein,,990,,STRING
P49642,O96017,0,protein-protein,,414,,STRING
P49642,P38398,0,protein-protein,,426,,STRING
P49642,P31350,0,protein-protein,,662,,STRING
P49642,Q9NRF9,0,protein-protein,,950,,STRING
P49642,P49005,0,protein-protein,,961,,STRING
P49642,P28340,0,protein-protein,,990,,STRING
P49642,P49643,0,protein-protein,,999,,STRING
P49642,P09884,0,protein-protein,,999,,STRING
Q9NRF9,DOID:1793,0,gene-disease,,,0.5802,OpenTargets
Q9NRF9,P56282,0,protein-protein,,999,,STRING
Q9NRF9,Q9BX63,0,protein-protein,,507,,STRING
Q9NRF9,Q86YC2,0,protein-protein,,482,,STRING
Q9NRF9,Q15054,0,protein-protein,,952,,STRING
Q9NRF9,O60934,0,protein-protein,,440,,STRING
Q9NRF9,Q14181,0,protein-protein,,970,,STRING
Q9NRF9,Q13315,0,protein-protein,,529,,STRING
Q9NRF9,Q9HCU8,0,protein-protein,,564,,STRING
Q9NRF9,Q07864,0,protein-protein,,999,,STRING
Q9NRF9,P49642,0,protein-protein,,950,,STRING
Q9NRF9,P51587,0,protein-protein,,495,,STRING
Q9NRF9,Q99708,0,protein-protein,,497,,STRING
Q9NRF9,P38398,0,protein-protein,,540,,STRING
Q9NRF9,P49643,0,protein-protein,,967,,STRING
Q9NRF9,P49005,0,protein-protein,,970,,STRING
Q9NRF9,P28340,0,protein-protein,,985,,STRING
Q9NRF9,P09884,0,protein-protein,,985,,STRING
Q14181,DOID:1793,0,gene-disease,,,0.5802,OpenTargets
Q14181,P56282,0,protein-protein,,991,,STRING
Q14181,Q15054,0,protein-protein,,953,,STRING
Q14181,P31350,0,protein-protein,,444,,STRING
Q14181,P38398,0,protein-protein,,445,,STRING
Q14181,Q9HCU8,0,protein-protein,,560,,STRING
Q14181,P23921,0,protein-protein,,735,,STRING
Q14181,Q9NRF9,0,protein-protein,,970,,STRING
Q14181,P49005,0,protein-protein,,987,,STRING
Q14181,Q07864,0,protein-protein,,993,,STRING
Q14181,P28340,0,protein-protein,,994,,STRING
Q14181,P49643,0,protein-protein,,999,,STRING
Q14181,P09884,0,protein-protein,,999,,STRING
Q14181,P49642,0,protein-protein,,999,,STRING
Q15054,DOID:1793,0,gene-disease,,,0.5802,OpenTargets
Q15054,P56282,0,protein-protein,,961,,STRING
Q15054,Q9BX63,0,protein-protein,,551,,STRING
Q15054,Q86YC2,0,protein-protein,,655,,STRING
Q15054,P23921,0,protein-protein,,436,,STRING
Q15054,O60934,0,protein-protein,,511,,STRING
Q15054,Q13315,0,protein-protein,,571,,STRING
Q15054,Q99708,0,protein-protein,,628,,STRING
Q15054,P51587,0,protein-protein,,667,,STRING
Q15054,P38398,0,protein-protein,,723,,STRING
Q15054,P49643,0,protein-protein,,943,,STRING
Q15054,P49642,0,protein-protein,,948,,STRING
Q15054,Q9NRF9,0,protein-protein,,952,,STRING
Q15054,Q14181,0,protein-protein,,953,,STRING
Q15054,Q07864,0,protein-protein,,963,,STRING
Q15054,P09884,0,protein-protein,,985,,STRING
Q15054,P49005,0,protein-protein,,999,,STRING
Q15054,P28340,0,protein-protein,,999,,STRING
Q15054,Q9HCU8,0,protein-protein,,999,,STRING
P09884,DOID:1793,0,gene-disease,,,0.5802,OpenTargets
P09884,P56282,0,protein-protein,,996,,STRING
P09884,Q7LG56,0,protein-protein,,433,,STRING
P09884,Q15054,0,protein-protein,,985,,STRING
P09884,Q14181,0,protein-protein,,999,,STRING
P09884,P04637,0,protein-protein,,434,,STRING
P09884,P23921,0,protein-protein,,836,,STRING
P09884,Q9HCU8,0,protein-protein,,741,,STRING
P09884,Q07864,0,protein-protein,,997,,STRING
P09884,P49642,0,protein-protein,,999,,STRING
P09884,P31350,0,protein-protein,,610,,STRING
P09884,Q9NRF9,0,protein-protein,,985,,STRING
P09884,P51587,0,protein-protein,,457,,STRING
P09884,P38398,0,protein-protein,,462,,STRING
P09884,O96017,0,protein-protein,,553,,STRING
P09884,P28340,0,protein-protein,,989,,STRING
P09884,P49005,0,protein-protein,,993,,STRING
P09884,P49643,0,protein-protein,,999,,STRING
O96017,DOID:1793,0,gene-disease,,,0.577,OpenTargets
O96017,P56282,0,protein-protein,,445,,STRING
O96017,Q9HB96,0,protein-protein,,712,,STRING
O96017,Q7LG56,0,protein-protein,,622,,STRING
O96017,P01116,0,protein-protein,,536,,STRING
O96017,Q9BX63,0,protein-protein,,675,,STRING
O96017,Q86YC2,0,protein-protein,,921,,STRING
O96017,O60934,0,protein-protein,,935,,STRING
O96017,Q00534,0,protein-protein,,526,,STRING
O96017,P04637,0,protein-protein,,999,,STRING
O96017,Q13315,0,protein-protein,,999,,STRING
O96017,P23921,0,protein-protein,,776,,STRING
O96017,O14686,0,protein-protein,,418,,STRING
O96017,O14497,0,protein-protein,,433,,STRING
O96017,Q07864,0,protein-protein,,778,,STRING
O96017,Q13485,0,protein-protein,,472,,STRING
O96017,P49642,0,protein-protein,,414,,STRING
O96017,P31350,0,protein-protein,,642,,STRING
O96017,P09884,0,protein-protein,,553,,STRING
O96017,P51587,0,protein-protein,,985,,STRING
O96017,P49005,0,protein-protein,,414,,STRING
O96017,P49643,0,protein-protein,,417,,STRING
O96017,P28340,0,protein-protein,,753,,STRING
O96017,P42771,0,protein-protein,,758,,STRING
O96017,Q99708,0,protein-protein,,785,,STRING
O96017,P38398,0,protein-protein,,999,,STRING
O15550,DOID:1793,0,gene-disease,,,0.5687,OpenTargets
O15550,Q9HB96,0,protein-protein,,498,,STRING
O15550,P01116,0,protein-protein,,562,,STRING
O15550,Q86YC2,0,protein-protein,,507,,STRING
O15550,Q8NEZ4,0,protein-protein,,999,,STRING
O15550,Q00534,0,protein-protein,,470,,STRING
O15550,P04637,0,protein-protein,,710,,STRING
O15550,Q13315,0,protein-protein,,712,,STRING
O15550,O14686,0,protein-protein,,999,,STRING
O15550,O14497,0,protein-protein,,675,,STRING
O15550,P98175,0,protein-protein,,421,,STRING
O15550,Q13485,0,protein-protein,,439,,STRING
O15550,P42771,0,protein-protein,,618,,STRING
Q9BX63,DOID:1793,0,gene-disease,,,0.5673,OpenTargets
Q9BX63,P56282,0,protein-protein,,600,,STRING
Q9BX63,Q9HB96,0,protein-protein,,895,,STRING
Q9BX63,Q9HCU8,0,protein-protein,,400,,STRING
Q9BX63,P49005,0,protein-protein,,490,,STRING
Q9BX63,P49643,0,protein-protein,,500,,STRING
Q9BX63,Q9NRF9,0,protein-protein,,507,,STRING
Q9BX63,Q15054,0,protein-protein,,551,,STRING
Q9BX63,P04637,0,protein-protein,,645,,STRING
Q9BX63,Q07864,0,protein-protein,,660,,STRING
Q9BX63,O96017,0,protein-protein,,675,,STRING
Q9BX63,P28340,0,protein-protein,,800,,STRING
Q9BX63,Q99708,0,protein-protein,,902,,STRING
Q9BX63,Q13315,0,protein-protein,,933,,STRING
Q9BX63,P51587,0,protein-protein,,998,,STRING
Q9BX63,Q86YC2,0,protein-protein,,998,,STRING
Q9BX63,O60934,0,protein-protein,,998,,STRING
Q9BX63,P38398,0,protein-protein,,999,,STRING
Q15303,DOID:1793,0,gene-disease,,,0.5655,OpenTargets
Q15303,P01116,0,protein-protein,,862,,STRING
Q15303,P04637,0,protein-protein,,726,,STRING
Q15303,P00533,0,protein-protein,,996,,STRING
Q15303,Q13315,0,protein-protein,,526,,STRING
Q15303,Q15831,0,protein-protein,,594,,STRING
Q15303,Q13485,0,protein-protein,,630,,STRING
Q15303,P51587,0,protein-protein,,429,,STRING
Q15303,P38398,0,protein-protein,,436,,STRING
Q15303,O14522,0,protein-protein,,441,,STRING
Q15303,Q9NZR2,0,protein-protein,,479,,STRING
Q15303,P42771,0,protein-protein,,560,,STRING
Q15303,P84996,0,protein-protein,,572,,STRING
P45985,DOID:1793,0,gene-disease,,,0.5646,OpenTargets
P45985,P01116,0,protein-protein,,504,,STRING
P45985,Q8NEZ4,0,protein-protein,,474,,STRING
P45985,P04637,0,protein-protein,,575,,STRING
P45985,Q13315,0,protein-protein,,428,,STRING
P45985,O14497,0,protein-protein,,403,,STRING
P45985,Q13485,0,protein-protein,,539,,STRING
P45985,P84996,0,protein-protein,,581,,STRING
P45985,P51587,0,protein-protein,,562,,STRING
P45985,P42771,0,protein-protein,,421,,STRING
P27037,DOID:1793,0,gene-disease,,,0.5593,OpenTargets
P27037,P01116,0,protein-protein,,448,,STRING
P27037,P37173,0,protein-protein,,544,,STRING
P27037,Q13485,0,protein-protein,,894,,STRING
P27037,P36896,0,protein-protein,,998,,STRING
P27037,Q04771,0,protein-protein,,999,,STRING
O14522,DOID:1793,0,gene-disease,,,0.5478,OpenTargets
O14522,P00533,0,protein-protein,,448,,STRING
O14522,Q15303,0,protein-protein,,441,,STRING
O14522,Q9NZR2,0,protein-protein,,495,,STRING
Q9NZR2,DOID:1793,0,gene-disease,,,0.5463,OpenTargets
Q9NZR2,P01116,0,protein-protein,,546,,STRING
Q9NZR2,Q8NEZ4,0,protein-protein,,588,,STRING
Q9NZR2,P04637,0,protein-protein,,593,,STRING
Q9NZR2,P00533,0,protein-protein,,509,,STRING
Q9NZR2,Q13315,0,protein-protein,,418,,STRING
Q9NZR2,O14686,0,protein-protein,,604,,STRING
Q9NZR2,O14497,0,protein-protein,,584,,STRING
Q9NZR2,Q13485,0,protein-protein,,411,,STRING
Q9NZR2,Q15303,0,protein-protein,,479,,STRING
Q9NZR2,O14522,0,protein-protein,,495,,STRING
Q9NZR2,P42771,0,protein-protein,,505,,STRING
P04049,DOID:1793,0,gene-disease,,,0.5454,OpenTargets
P04049,P01116,0,protein-protein,,999,,STRING
P04049,P04637,0,protein-protein,,605,,STRING
P04049,P00533,0,protein-protein,,848,,STRING
P04049,P42771,0,protein-protein,,557,,STRING
O14686,DOID:1793,0,gene-disease,,,0.5372,OpenTargets
O14686,P01116,0,protein-protein,,546,,STRING
O14686,Q8NEZ4,0,protein-protein,,998,,STRING
O14686,P04637,0,protein-protein,,810,,STRING
O14686,P00533,0,protein-protein,,419,,STRING
O14686,Q13315,0,protein-protein,,511,,STRING
O14686,Q07864,0,protein-protein,,408,,STRING
O14686,O96017,0,protein-protein,,418,,STRING
O14686,Q68DV7,0,protein-protein,,450,,STRING
O14686,P51587,0,protein-protein,,450,,STRING
O14686,Q15831,0,protein-protein,,466,,STRING
O14686,Q15911,0,protein-protein,,493,,STRING
O14686,P42771,0,protein-protein,,599,,STRING
O14686,Q9NZR2,0,protein-protein,,604,,STRING
O14686,O14497,0,protein-protein,,813,,STRING
O14686,O15550,0,protein-protein,,999,,STRING
P39880,DOID:1793,0,gene-disease,,,0.5269,OpenTargets
P39880,P04637,0,protein-protein,,444,,STRING
P39880,P84996,0,protein-protein,,476,,STRING
P21802,DOID:1793,0,gene-disease,,,0.5249,OpenTargets
P21802,P01116,0,protein-protein,,973,,STRING
P21802,P04637,0,protein-protein,,662,,STRING
P21802,P00533,0,protein-protein,,608,,STRING
P21802,Q13315,0,protein-protein,,705,,STRING
P21802,P23921,0,protein-protein,,481,,STRING
P21802,O14497,0,protein-protein,,592,,STRING
P21802,Q07864,0,protein-protein,,403,,STRING
P21802,Q13485,0,protein-protein,,605,,STRING
P21802,P84996,0,protein-protein,,602,,STRING
P21802,P51587,0,protein-protein,,581,,STRING
P21802,P38398,0,protein-protein,,575,,STRING
P21802,P42771,0,protein-protein,,592,,STRING
P00533,DOID:1793,0,gene-disease,,,0.5206,OpenTargets
P00533,P01116,0,protein-protein,,997,,STRING
P00533,Q8NEZ4,0,protein-protein,,464,,STRING
P00533,P04637,0,protein-protein,,943,,STRING
P00533,Q68DV7,0,protein-protein,,405,,STRING
P00533,O14686,0,protein-protein,,419,,STRING
P00533,O14522,0,protein-protein,,448,,STRING
P00533,P23921,0,protein-protein,,457,,STRING
P00533,Q9NZR2,0,protein-protein,,509,,STRING
P00533,Q07864,0,protein-protein,,513,,STRING
P00533,O14497,0,protein-protein,,599,,STRING
P00533,P37173,0,protein-protein,,606,,STRING
P00533,P21802,0,protein-protein,,608,,STRING
P00533,P51587,0,protein-protein,,678,,STRING
P00533,Q13315,0,protein-protein,,681,,STRING
P00533,P98175,0,protein-protein,,684,,STRING
P00533,P84996,0,protein-protein,,718,,STRING
P00533,Q13485,0,protein-protein,,735,,STRING
P00533,P38398,0,protein-protein,,800,,STRING
P00533,P04049,0,protein-protein,,848,,STRING
P00533,P42771,0,protein-protein,,910,,STRING
P00533,Q15303,0,protein-protein,,996,,STRING
O60934,DOID:1793,0,gene-disease,,,0.5115,OpenTargets
O60934,P56282,0,protein-protein,,419,,STRING
O60934,Q7LG56,0,protein-protein,,434,,STRING
O60934,Q9BX63,0,protein-protein,,998,,STRING
O60934,Q86YC2,0,protein-protein,,801,,STRING
O60934,Q15054,0,protein-protein,,511,,STRING
O60934,Q9HCU8,0,protein-protein,,410,,STRING
O60934,Q9NRF9,0,protein-protein,,440,,STRING
O60934,P49005,0,protein-protein,,440,,STRING
O60934,P28340,0,protein-protein,,549,,STRING
O60934,Q07864,0,protein-protein,,556,,STRING
O60934,P04637,0,protein-protein,,763,,STRING
O60934,P51587,0,protein-protein,,901,,STRING
O60934,O96017,0,protein-protein,,935,,STRING
O60934,P38398,0,protein-protein,,993,,STRING
O60934,Q99708,0,protein-protein,,999,,STRING
O60934,Q13315,0,protein-protein,,999,,STRING
Q99708,DOID:1793,0,gene-disease,,,0.5083,OpenTargets
Q99708,P56282,0,protein-protein,,514,,STRING
Q99708,Q9BX63,0,protein-protein,,902,,STRING
Q99708,Q86YC2,0,protein-protein,,953,,STRING
Q99708,Q15054,0,protein-protein,,628,,STRING
Q99708,O60934,0,protein-protein,,999,,STRING
Q99708,P04637,0,protein-protein,,699,,STRING
Q99708,Q13315,0,protein-protein,,973,,STRING
Q99708,Q9HCU8,0,protein-protein,,400,,STRING
Q99708,Q07864,0,protein-protein,,509,,STRING
Q99708,Q9NRF9,0,protein-protein,,497,,STRING
Q99708,P51587,0,protein-protein,,983,,STRING
Q99708,O96017,0,protein-protein,,785,,STRING
Q99708,P49005,0,protein-protein,,513,,STRING
Q99708,P28340,0,protein-protein,,545,,STRING
Q99708,P38398,0,protein-protein,,999,,STRING
Q04771,DOID:1793,0,gene-disease,,,0.5077,OpenTargets
Q04771,P27037,0,protein-protein,,999,,STRING
Q04771,Q13485,0,protein-protein,,860,,STRING
Q04771,P37173,0,protein-protein,,810,,STRING
Q04771,P36896,0,protein-protein,,979,,STRING
C11orf65,DOID:1793,0,gene-disease,,,0.507,OpenTargets
Q15911,DOID:1793,0,gene-disease,,,0.5043,OpenTargets
Q15911,Q8NEZ4,0,protein-protein,,587,,STRING
Q15911,Q13315,0,protein-protein,,579,,STRING
Q15911,O14686,0,protein-protein,,493,,STRING
Q9HB96,DOID:1793,0,gene-disease,,,0.5018,OpenTargets
Q9HB96,Q07864,0,protein-protein,,413,,STRING
Q9HB96,P28340,0,protein-protein,,477,,STRING
Q9HB96,P42771,0,protein-protein,,492,,STRING
Q9HB96,O15550,0,protein-protein,,498,,STRING
Q9HB96,Q13315,0,protein-protein,,651,,STRING
Q9HB96,O96017,0,protein-protein,,712,,STRING
Q9HB96,Q86YC2,0,protein-protein,,884,,STRING
Q9HB96,Q9BX63,0,protein-protein,,895,,STRING
Q9HB96,P51587,0,protein-protein,,899,,STRING
Q9HB96,P38398,0,protein-protein,,920,,STRING
Q00534,DOID:1793,0,gene-disease,,,0.4957,OpenTargets
Q00534,P01116,0,protein-protein,,636,,STRING
Q00534,P23921,0,protein-protein,,414,,STRING
Q00534,O14497,0,protein-protein,,422,,STRING
Q00534,Q13485,0,protein-protein,,465,,STRING
Q00534,O15550,0,protein-protein,,470,,STRING
Q00534,P51587,0,protein-protein,,490,,STRING
Q00534,P31350,0,protein-protein,,498,,STRING
Q00534,O96017,0,protein-protein,,526,,STRING
Q00534,P38398,0,protein-protein,,578,,STRING
Q00534,Q13315,0,protein-protein,,619,,STRING
Q00534,P04637,0,protein-protein,,808,,STRING
Q00534,P42771,0,protein-protein,,999,,STRING
Q03112,DOID:1793,0,gene-disease,,,0.4945,OpenTargets
Q7KZF4,DOID:1793,0,gene-disease,,,0.4943,OpenTargets
Q96K83,DOID:1793,0,gene-disease,,,0.4938,OpenTargets
P51826,DOID:1793,0,gene-disease,,,0.4935,OpenTargets
O00482,DOID:1793,0,gene-disease,,,0.4934,OpenTargets
Q01668,DOID:1793,0,gene-disease,,,0.4933,OpenTargets
Q02297,DOID:1793,0,gene-disease,,,0.4861,OpenTargets
P55287,DOID:1793,0,gene-disease,,,0.4851,OpenTargets
Q05516,DOID:1793,0,gene-disease,,,0.4834,OpenTargets
Q6P1J9,DOID:1793,0,gene-disease,,,0.4832,OpenTargets
Q70Z35,DOID:1793,0,gene-disease,,,0.483,OpenTargets
Q16288,DOID:1793,0,gene-disease,,,0.4829,OpenTargets
P03372,DOID:1793,0,gene-disease,,,0.4827,OpenTargets
Q9Y6Y1,DOID:1793,0,gene-disease,,,0.4825,OpenTargets
Q93063,DOID:1793,0,gene-disease,,,0.4825,OpenTargets
Q15262,DOID:1793,0,gene-disease,,,0.4825,OpenTargets
Q16394,DOID:1793,0,gene-disease,,,0.4825,OpenTargets
O43283,DOID:1793,0,gene-disease,,,0.4812,OpenTargets
P10721,DOID:1793,0,gene-disease,,,0.4799,OpenTargets
P11387,DOID:1793,0,gene-disease,,,0.4795,OpenTargets
P09619,DOID:1793,0,gene-disease,,,0.4783,OpenTargets
P04818,DOID:1793,0,gene-disease,,,0.478,OpenTargets
P16442,DOID:1793,0,gene-disease,,,0.4771,OpenTargets
Q8NFD5,DOID:1793,0,gene-disease,,,0.4766,OpenTargets
P84022,DOID:1793,0,gene-disease,,,0.4762,OpenTargets
Q9UJU2,DOID:1793,0,gene-disease,,,0.4732,OpenTargets
Q13469,DOID:1793,0,gene-disease,,,0.4719,OpenTargets
O75376,DOID:1793,0,gene-disease,,,0.4715,OpenTargets
O00291,DOID:1793,0,gene-disease,,,0.4701,OpenTargets
Q12879,DOID:1793,0,gene-disease,,,0.47,OpenTargets
P55197,DOID:1793,0,gene-disease,,,0.4697,OpenTargets
Q96PU8,DOID:1793,0,gene-disease,,,0.4697,OpenTargets
Q9H334,DOID:1793,0,gene-disease,,,0.4684,OpenTargets
P51654,DOID:1793,0,gene-disease,,,0.4677,OpenTargets
P49789,DOID:1793,0,gene-disease,,,0.4664,OpenTargets
P08575,DOID:1793,0,gene-disease,,,0.4656,OpenTargets
Q8IZL2,DOID:1793,0,gene-disease,,,0.4642,OpenTargets
O15315,DOID:1793,0,gene-disease,,,0.4641,OpenTargets
Q93052,DOID:1793,0,gene-disease,,,0.4638,OpenTargets
Q16620,DOID:1793,0,gene-disease,,,0.4637,OpenTargets
Q96DH6,DOID:1793,0,gene-disease,,,0.4635,OpenTargets
Q9UNA1,DOID:1793,0,gene-disease,,,0.4632,OpenTargets
Q9UH73,DOID:1793,0,gene-disease,,,0.4626,OpenTargets
Q9Y6X0,DOID:1793,0,gene-disease,,,0.4622,OpenTargets
P36894,DOID:1793,0,gene-disease,,,0.462,OpenTargets
P10275,DOID:1793,0,gene-disease,,,0.4618,OpenTargets
P42684,DOID:1793,0,gene-disease,,,0.4612,OpenTargets
O75030,DOID:1793,0,gene-disease,,,0.4598,OpenTargets
Q9BXL7,DOID:1793,0,gene-disease,,,0.4594,OpenTargets
P53675,DOID:1793,0,gene-disease,,,0.4594,OpenTargets
CHEMBL1421,P00533,0,drug-target,9.4,,,Demo/Literature
CHEMBL1421,P04626,0,drug-target,7.1,,,Demo/Literature
CHEMBL1421,P01116,0,drug-target,5.9,,,Demo/Literature
CHEMBL2153184,P00533,0,drug-target,10.1,,,Demo/Literature
CHEMBL1213492,P23921,0,drug-target,6.2,,,Demo/Literature
CHEMBL472,P08581,0,drug-target,8.1,,,Demo/Literature
CHEMBL888,P15056,0,drug-target,8.5,,,Demo/Literature
CHEMBL888,P15692,0,drug-target,7.4,,,Demo/Literature
CHEMBL1229517,P42345,0,drug-target,9.3,,,Demo/Literature
CHEMBL1229517,P31749,0,drug-target,7.8,,,Demo/Literature
CHEMBL3707323,P51587,0,drug-target,8.9,,,Demo/Literature
CHEMBL3707323,Q86YC2,0,drug-target,7.5,,,Demo/Literature
CHEMBL25,P35354,0,drug-target,6.4,,,Demo/Literature
CHEMBL185698,Q13315,0,drug-target,7.1,,,Demo/Literature
CHEMBL3545210,P11802,0,drug-target,9.8,,,Demo/Literature
CHEMBL3545210,P52564,0,drug-target,9.5,,,Demo/Literature
