protein_a,protein_b,string_id_a,string_id_b,combined_score,coexpression,experimental,database,textmining,source
POLE2,NBN,9606.ENSP00000216367,9606.ENSP00000265433,419,0,0,0,0,STRING
POLE2,RRM1,9606.ENSP00000216367,9606.ENSP00000300738,433,0,0,0,0,STRING
POLE2,CHEK2,9606.ENSP00000216367,9606.ENSP00000372023,445,0,0,0,0,STRING
POLE2,ATM,9606.ENSP00000216367,9606.ENSP00000278616,510,0,0,0,0,STRING
POLE2,RBBP8,9606.ENSP00000216367,9606.ENSP00000382628,514,0,0,0,0,STRING
POLE2,PALB2,9606.ENSP00000216367,9606.ENSP00000261584,531,0,0,0,0,STRING
POLE2,BRIP1,9606.ENSP00000216367,9606.ENSP00000259008,600,0,0,0,0,STRING
POLE2,RRM2,9606.ENSP00000216367,9606.ENSP00000353770,600,0,0,0,0,STRING
POLE2,BRCA2,9606.ENSP00000216367,9606.ENSP00000369497,634,0,0,0,0,STRING
POLE2,BRCA1,9606.ENSP00000216367,9606.ENSP00000418960,702,0,0,0,0,STRING
POLE2,POLD4,9606.ENSP00000216367,9606.ENSP00000311368,730,0,0,0,0,STRING
POLE2,POLD3,9606.ENSP00000216367,9606.ENSP00000263681,961,0,0,0,0,STRING
POLE2,PRIM2,9606.ENSP00000216367,9606.ENSP00000484105,986,0,0,0,0,STRING
POLE2,PRIM1,9606.ENSP00000216367,9606.ENSP00000350491,986,0,0,0,0,STRING
POLE2,POLD2,9606.ENSP00000216367,9606.ENSP00000480186,987,0,0,0,0,STRING
POLE2,POLA2,9606.ENSP00000216367,9606.ENSP00000265465,991,0,0,0,0,STRING
POLE2,POLD1,9606.ENSP00000216367,9606.ENSP00000472445,992,0,0,0,0,STRING
POLE2,POLA1,9606.ENSP00000216367,9606.ENSP00000368358,996,0,0,0,0,STRING
POLE2,POLE3,9606.ENSP00000216367,9606.ENSP00000363286,999,0,0,0,0,STRING
POLE2,POLE,9606.ENSP00000216367,9606.ENSP00000322570,999,0,0,0,0,STRING
FANCE,POLE,9606.ENSP00000229769,9606.ENSP00000322570,413,0,0,0,0,STRING
FANCE,POLD1,9606.ENSP00000229769,9606.ENSP00000472445,477,0,0,0,0,STRING
FANCE,CDKN2A,9606.ENSP00000229769,9606.ENSP00000418915,492,0,0,0,0,STRING
FANCE,KDM6A,9606.ENSP00000229769,9606.ENSP00000367203,498,0,0,0,0,STRING
FANCE,ATM,9606.ENSP00000229769,9606.ENSP00000278616,651,0,0,0,0,STRING
FANCE,CHEK2,9606.ENSP00000229769,9606.ENSP00000372023,712,0,0,0,0,STRING
FANCE,PALB2,9606.ENSP00000229769,9606.ENSP00000261584,884,0,0,0,0,STRING
FANCE,BRIP1,9606.ENSP00000229769,9606.ENSP00000259008,895,0,0,0,0,STRING
FANCE,BRCA2,9606.ENSP00000229769,9606.ENSP00000369497,899,0,0,0,0,STRING
FANCE,BRCA1,9606.ENSP00000229769,9606.ENSP00000418960,920,0,0,0,0,STRING
ACVR2A,KRAS,9606.ENSP00000241416,9606.ENSP00000256078,448,0,0,0,0,STRING
ACVR2A,TGFBR2,9606.ENSP00000241416,9606.ENSP00000351905,544,0,0,0,0,STRING
ACVR2A,SMAD4,9606.ENSP00000241416,9606.ENSP00000341551,894,0,0,0,0,STRING
ACVR2A,ACVR1B,9606.ENSP00000241416,9606.ENSP00000442656,998,0,0,0,0,STRING
ACVR2A,ACVR1,9606.ENSP00000241416,9606.ENSP00000405004,999,0,0,0,0,STRING
RRM2B,POLA1,9606.ENSP00000251810,9606.ENSP00000368358,433,0,0,0,0,STRING
RRM2B,NBN,9606.ENSP00000251810,9606.ENSP00000265433,434,0,0,0,0,STRING
RRM2B,ATM,9606.ENSP00000251810,9606.ENSP00000278616,590,0,0,0,0,STRING
RRM2B,CHEK2,9606.ENSP00000251810,9606.ENSP00000372023,622,0,0,0,0,STRING
RRM2B,PRIM2,9606.ENSP00000251810,9606.ENSP00000484105,699,0,0,0,0,STRING
RRM2B,TP53,9606.ENSP00000251810,9606.ENSP00000269305,992,0,0,0,0,STRING
RRM2B,RRM2,9606.ENSP00000251810,9606.ENSP00000353770,997,0,0,0,0,STRING
RRM2B,RRM1,9606.ENSP00000251810,9606.ENSP00000300738,999,0,0,0,0,STRING
KRAS,ACVR1B,9606.ENSP00000256078,9606.ENSP00000442656,401,0,0,0,0,STRING
KRAS,RRM1,9606.ENSP00000256078,9606.ENSP00000300738,413,0,0,0,0,STRING
KRAS,POLD1,9606.ENSP00000256078,9606.ENSP00000472445,453,0,0,0,0,STRING
KRAS,RBM10,9606.ENSP00000256078,9606.ENSP00000328848,482,0,0,0,0,STRING
KRAS,MAP2K4,9606.ENSP00000256078,9606.ENSP00000410402,504,0,0,0,0,STRING
KRAS,PALB2,9606.ENSP00000256078,9606.ENSP00000261584,516,0,0,0,0,STRING
KRAS,CHEK2,9606.ENSP00000256078,9606.ENSP00000372023,536,0,0,0,0,STRING
KRAS,KMT2D,9606.ENSP00000256078,9606.ENSP00000301067,546,0,0,0,0,STRING
KRAS,LRP1B,9606.ENSP00000256078,9606.ENSP00000374135,546,0,0,0,0,STRING
KRAS,KDM6A,9606.ENSP00000256078,9606.ENSP00000367203,562,0,0,0,0,STRING
KRAS,CDK6,9606.ENSP00000256078,9606.ENSP00000265734,636,0,0,0,0,STRING
KRAS,TGFBR2,9606.ENSP00000256078,9606.ENSP00000351905,648,0,0,0,0,STRING
KRAS,RNF43,9606.ENSP00000256078,9606.ENSP00000463069,670,0,0,0,0,STRING
KRAS,POLE,9606.ENSP00000256078,9606.ENSP00000322570,680,0,0,0,0,STRING
KRAS,ATM,9606.ENSP00000256078,9606.ENSP00000278616,718,0,0,0,0,STRING
KRAS,BRCA1,9606.ENSP00000256078,9606.ENSP00000418960,721,0,0,0,0,STRING
KRAS,BRCA2,9606.ENSP00000256078,9606.ENSP00000369497,721,0,0,0,0,STRING
KRAS,KMT2C,9606.ENSP00000256078,9606.ENSP00000262189,756,0,0,0,0,STRING
KRAS,GNAS,9606.ENSP00000256078,9606.ENSP00000360141,792,0,0,0,0,STRING
KRAS,ERBB4,9606.ENSP00000256078,9606.ENSP00000342235,862,0,0,0,0,STRING
KRAS,ARID1A,9606.ENSP00000256078,9606.ENSP00000320485,873,0,0,0,0,STRING
KRAS,STK11,9606.ENSP00000256078,9606.ENSP00000324856,880,0,0,0,0,STRING
KRAS,SMAD4,9606.ENSP00000256078,9606.ENSP00000341551,917,0,0,0,0,STRING
KRAS,TP53,9606.ENSP00000256078,9606.ENSP00000269305,949,0,0,0,0,STRING
KRAS,FGFR2,9606.ENSP00000256078,9606.ENSP00000410294,973,0,0,0,0,STRING
KRAS,CDKN2A,9606.ENSP00000256078,9606.ENSP00000418915,992,0,0,0,0,STRING
KRAS,EGFR,9606.ENSP00000256078,9606.ENSP00000275493,997,0,0,0,0,STRING
KRAS,RAF1,9606.ENSP00000256078,9606.ENSP00000401888,999,0,0,0,0,STRING
BRIP1,POLD4,9606.ENSP00000259008,9606.ENSP00000311368,400,0,0,0,0,STRING
BRIP1,POLD2,9606.ENSP00000259008,9606.ENSP00000480186,490,0,0,0,0,STRING
BRIP1,PRIM2,9606.ENSP00000259008,9606.ENSP00000484105,500,0,0,0,0,STRING
BRIP1,POLE3,9606.ENSP00000259008,9606.ENSP00000363286,507,0,0,0,0,STRING
BRIP1,POLD3,9606.ENSP00000259008,9606.ENSP00000263681,551,0,0,0,0,STRING
BRIP1,TP53,9606.ENSP00000259008,9606.ENSP00000269305,645,0,0,0,0,STRING
BRIP1,POLE,9606.ENSP00000259008,9606.ENSP00000322570,660,0,0,0,0,STRING
BRIP1,CHEK2,9606.ENSP00000259008,9606.ENSP00000372023,675,0,0,0,0,STRING
BRIP1,POLD1,9606.ENSP00000259008,9606.ENSP00000472445,800,0,0,0,0,STRING
BRIP1,RBBP8,9606.ENSP00000259008,9606.ENSP00000382628,902,0,0,0,0,STRING
BRIP1,ATM,9606.ENSP00000259008,9606.ENSP00000278616,933,0,0,0,0,STRING
BRIP1,BRCA2,9606.ENSP00000259008,9606.ENSP00000369497,998,0,0,0,0,STRING
BRIP1,PALB2,9606.ENSP00000259008,9606.ENSP00000261584,998,0,0,0,0,STRING
BRIP1,NBN,9606.ENSP00000259008,9606.ENSP00000265433,998,0,0,0,0,STRING
BRIP1,BRCA1,9606.ENSP00000259008,9606.ENSP00000418960,999,0,0,0,0,STRING
PALB2,POLD4,9606.ENSP00000261584,9606.ENSP00000311368,400,0,0,0,0,STRING
PALB2,RNF43,9606.ENSP00000261584,9606.ENSP00000463069,402,0,0,0,0,STRING
PALB2,KMT2C,9606.ENSP00000261584,9606.ENSP00000262189,407,0,0,0,0,STRING
PALB2,POLE3,9606.ENSP00000261584,9606.ENSP00000363286,482,0,0,0,0,STRING
PALB2,KDM6A,9606.ENSP00000261584,9606.ENSP00000367203,507,0,0,0,0,STRING
PALB2,ARID1A,9606.ENSP00000261584,9606.ENSP00000320485,513,0,0,0,0,STRING
PALB2,POLD2,9606.ENSP00000261584,9606.ENSP00000480186,523,0,0,0,0,STRING
PALB2,SMAD4,9606.ENSP00000261584,9606.ENSP00000341551,545,0,0,0,0,STRING
PALB2,POLD3,9606.ENSP00000261584,9606.ENSP00000263681,655,0,0,0,0,STRING
PALB2,CDKN2A,9606.ENSP00000261584,9606.ENSP00000418915,664,0,0,0,0,STRING
PALB2,TP53,9606.ENSP00000261584,9606.ENSP00000269305,738,0,0,0,0,STRING
PALB2,POLE,9606.ENSP00000261584,9606.ENSP00000322570,764,0,0,0,0,STRING
PALB2,NBN,9606.ENSP00000261584,9606.ENSP00000265433,801,0,0,0,0,STRING
PALB2,POLD1,9606.ENSP00000261584,9606.ENSP00000472445,805,0,0,0,0,STRING
PALB2,STK11,9606.ENSP00000261584,9606.ENSP00000324856,843,0,0,0,0,STRING
PALB2,CHEK2,9606.ENSP00000261584,9606.ENSP00000372023,921,0,0,0,0,STRING
PALB2,ATM,9606.ENSP00000261584,9606.ENSP00000278616,945,0,0,0,0,STRING
PALB2,RBBP8,9606.ENSP00000261584,9606.ENSP00000382628,953,0,0,0,0,STRING
PALB2,BRCA1,9606.ENSP00000261584,9606.ENSP00000418960,999,0,0,0,0,STRING
PALB2,BRCA2,9606.ENSP00000261584,9606.ENSP00000369497,999,0,0,0,0,STRING
KMT2C,GNAS,9606.ENSP00000262189,9606.ENSP00000360141,448,0,0,0,0,STRING
KMT2C,EGFR,9606.ENSP00000262189,9606.ENSP00000275493,464,0,0,0,0,STRING
KMT2C,MAP2K4,9606.ENSP00000262189,9606.ENSP00000410402,474,0,0,0,0,STRING
KMT2C,BRCA1,9606.ENSP00000262189,9606.ENSP00000418960,516,0,0,0,0,STRING
KMT2C,STK11,9606.ENSP00000262189,9606.ENSP00000324856,521,0,0,0,0,STRING
KMT2C,SMAD4,9606.ENSP00000262189,9606.ENSP00000341551,534,0,0,0,0,STRING
KMT2C,RNF43,9606.ENSP00000262189,9606.ENSP00000463069,564,0,0,0,0,STRING
KMT2C,ATM,9606.ENSP00000262189,9606.ENSP00000278616,576,0,0,0,0,STRING
KMT2C,BRCA2,9606.ENSP00000262189,9606.ENSP00000369497,582,0,0,0,0,STRING
KMT2C,ZFHX3,9606.ENSP00000262189,9606.ENSP00000493252,587,0,0,0,0,STRING
KMT2C,LRP1B,9606.ENSP00000262189,9606.ENSP00000374135,588,0,0,0,0,STRING
KMT2C,CDKN2A,9606.ENSP00000262189,9606.ENSP00000418915,599,0,0,0,0,STRING
KMT2C,ARID1A,9606.ENSP00000262189,9606.ENSP00000320485,823,0,0,0,0,STRING
KMT2C,TP53,9606.ENSP00000262189,9606.ENSP00000269305,858,0,0,0,0,STRING
KMT2C,KMT2D,9606.ENSP00000262189,9606.ENSP00000301067,998,0,0,0,0,STRING
KMT2C,KDM6A,9606.ENSP00000262189,9606.ENSP00000367203,999,0,0,0,0,STRING
POLD3,RRM1,9606.ENSP00000263681,9606.ENSP00000300738,436,0,0,0,0,STRING
POLD3,NBN,9606.ENSP00000263681,9606.ENSP00000265433,511,0,0,0,0,STRING
POLD3,ATM,9606.ENSP00000263681,9606.ENSP00000278616,571,0,0,0,0,STRING
POLD3,RBBP8,9606.ENSP00000263681,9606.ENSP00000382628,628,0,0,0,0,STRING
POLD3,BRCA2,9606.ENSP00000263681,9606.ENSP00000369497,667,0,0,0,0,STRING
POLD3,BRCA1,9606.ENSP00000263681,9606.ENSP00000418960,723,0,0,0,0,STRING
POLD3,PRIM2,9606.ENSP00000263681,9606.ENSP00000484105,943,0,0,0,0,STRING
POLD3,PRIM1,9606.ENSP00000263681,9606.ENSP00000350491,948,0,0,0,0,STRING
POLD3,POLE3,9606.ENSP00000263681,9606.ENSP00000363286,952,0,0,0,0,STRING
POLD3,POLA2,9606.ENSP00000263681,9606.ENSP00000265465,953,0,0,0,0,STRING
POLD3,POLE,9606.ENSP00000263681,9606.ENSP00000322570,963,0,0,0,0,STRING
POLD3,POLA1,9606.ENSP00000263681,9606.ENSP00000368358,985,0,0,0,0,STRING
POLD3,POLD2,9606.ENSP00000263681,9606.ENSP00000480186,999,0,0,0,0,STRING
POLD3,POLD1,9606.ENSP00000263681,9606.ENSP00000472445,999,0,0,0,0,STRING
POLD3,POLD4,9606.ENSP00000263681,9606.ENSP00000311368,999,0,0,0,0,STRING
NBN,POLD4,9606.ENSP00000265433,9606.ENSP00000311368,410,0,0,0,0,STRING
NBN,POLE3,9606.ENSP00000265433,9606.ENSP00000363286,440,0,0,0,0,STRING
NBN,POLD2,9606.ENSP00000265433,9606.ENSP00000480186,440,0,0,0,0,STRING
NBN,POLD1,9606.ENSP00000265433,9606.ENSP00000472445,549,0,0,0,0,STRING
NBN,POLE,9606.ENSP00000265433,9606.ENSP00000322570,556,0,0,0,0,STRING
NBN,TP53,9606.ENSP00000265433,9606.ENSP00000269305,763,0,0,0,0,STRING
NBN,BRCA2,9606.ENSP00000265433,9606.ENSP00000369497,901,0,0,0,0,STRING
NBN,CHEK2,9606.ENSP00000265433,9606.ENSP00000372023,935,0,0,0,0,STRING
NBN,BRCA1,9606.ENSP00000265433,9606.ENSP00000418960,993,0,0,0,0,STRING
NBN,RBBP8,9606.ENSP00000265433,9606.ENSP00000382628,999,0,0,0,0,STRING
NBN,ATM,9606.ENSP00000265433,9606.ENSP00000278616,999,0,0,0,0,STRING
POLA2,RRM2,9606.ENSP00000265465,9606.ENSP00000353770,444,0,0,0,0,STRING
POLA2,BRCA1,9606.ENSP00000265465,9606.ENSP00000418960,445,0,0,0,0,STRING
POLA2,POLD4,9606.ENSP00000265465,9606.ENSP00000311368,560,0,0,0,0,STRING
POLA2,RRM1,9606.ENSP00000265465,9606.ENSP00000300738,735,0,0,0,0,STRING
POLA2,POLE3,9606.ENSP00000265465,9606.ENSP00000363286,970,0,0,0,0,STRING
POLA2,POLD2,9606.ENSP00000265465,9606.ENSP00000480186,987,0,0,0,0,STRING
POLA2,POLE,9606.ENSP00000265465,9606.ENSP00000322570,993,0,0,0,0,STRING
POLA2,POLD1,9606.ENSP00000265465,9606.ENSP00000472445,994,0,0,0,0,STRING
POLA2,PRIM2,9606.ENSP00000265465,9606.ENSP00000484105,999,0,0,0,0,STRING
POLA2,POLA1,9606.ENSP00000265465,9606.ENSP00000368358,999,0,0,0,0,STRING
POLA2,PRIM1,9606.ENSP00000265465,9606.ENSP00000350491,999,0,0,0,0,STRING
CDK6,RRM1,9606.ENSP00000265734,9606.ENSP00000300738,414,0,0,0,0,STRING
CDK6,ARID1A,9606.ENSP00000265734,9606.ENSP00000320485,422,0,0,0,0,STRING
CDK6,SMAD4,9606.ENSP00000265734,9606.ENSP00000341551,465,0,0,0,0,STRING
CDK6,KDM6A,9606.ENSP00000265734,9606.ENSP00000367203,470,0,0,0,0,STRING
CDK6,BRCA2,9606.ENSP00000265734,9606.ENSP00000369497,490,0,0,0,0,STRING
CDK6,RRM2,9606.ENSP00000265734,9606.ENSP00000353770,498,0,0,0,0,STRING
CDK6,CHEK2,9606.ENSP00000265734,9606.ENSP00000372023,526,0,0,0,0,STRING
CDK6,BRCA1,9606.ENSP00000265734,9606.ENSP00000418960,578,0,0,0,0,STRING
CDK6,ATM,9606.ENSP00000265734,9606.ENSP00000278616,619,0,0,0,0,STRING
CDK6,TP53,9606.ENSP00000265734,9606.ENSP00000269305,808,0,0,0,0,STRING
CDK6,CDKN2A,9606.ENSP00000265734,9606.ENSP00000418915,999,0,0,0,0,STRING
TP53,POLA1,9606.ENSP00000269305,9606.ENSP00000368358,434,0,0,0,0,STRING
TP53,CUX1,9606.ENSP00000269305,9606.ENSP00000353401,444,0,0,0,0,STRING
TP53,RRM1,9606.ENSP00000269305,9606.ENSP00000300738,475,0,0,0,0,STRING
TP53,MAP2K4,9606.ENSP00000269305,9606.ENSP00000410402,575,0,0,0,0,STRING
TP53,POLD1,9606.ENSP00000269305,9606.ENSP00000472445,592,0,0,0,0,STRING
TP53,LRP1B,9606.ENSP00000269305,9606.ENSP00000374135,593,0,0,0,0,STRING
TP53,RAF1,9606.ENSP00000269305,9606.ENSP00000401888,605,0,0,0,0,STRING
TP53,TGFBR2,9606.ENSP00000269305,9606.ENSP00000351905,618,0,0,0,0,STRING
TP53,RBM10,9606.ENSP00000269305,9606.ENSP00000328848,634,0,0,0,0,STRING
TP53,FGFR2,9606.ENSP00000269305,9606.ENSP00000410294,662,0,0,0,0,STRING
TP53,RNF43,9606.ENSP00000269305,9606.ENSP00000463069,692,0,0,0,0,STRING
TP53,POLE,9606.ENSP00000269305,9606.ENSP00000322570,697,0,0,0,0,STRING
TP53,RBBP8,9606.ENSP00000269305,9606.ENSP00000382628,699,0,0,0,0,STRING
TP53,KDM6A,9606.ENSP00000269305,9606.ENSP00000367203,710,0,0,0,0,STRING
TP53,ERBB4,9606.ENSP00000269305,9606.ENSP00000342235,726,0,0,0,0,STRING
TP53,RRM2,9606.ENSP00000269305,9606.ENSP00000353770,803,0,0,0,0,STRING
TP53,KMT2D,9606.ENSP00000269305,9606.ENSP00000301067,810,0,0,0,0,STRING
TP53,GNAS,9606.ENSP00000269305,9606.ENSP00000360141,810,0,0,0,0,STRING
TP53,SMAD4,9606.ENSP00000269305,9606.ENSP00000341551,875,0,0,0,0,STRING
TP53,EGFR,9606.ENSP00000269305,9606.ENSP00000275493,943,0,0,0,0,STRING
TP53,ARID1A,9606.ENSP00000269305,9606.ENSP00000320485,961,0,0,0,0,STRING
TP53,STK11,9606.ENSP00000269305,9606.ENSP00000324856,970,0,0,0,0,STRING
TP53,BRCA2,9606.ENSP00000269305,9606.ENSP00000369497,995,0,0,0,0,STRING
TP53,ATM,9606.ENSP00000269305,9606.ENSP00000278616,999,0,0,0,0,STRING
TP53,CHEK2,9606.ENSP00000269305,9606.ENSP00000372023,999,0,0,0,0,STRING
TP53,BRCA1,9606.ENSP00000269305,9606.ENSP00000418960,999,0,0,0,0,STRING
TP53,CDKN2A,9606.ENSP00000269305,9606.ENSP00000418915,999,0,0,0,0,STRING
EGFR,RNF43,9606.ENSP00000275493,9606.ENSP00000463069,405,0,0,0,0,STRING
EGFR,KMT2D,9606.ENSP00000275493,9606.ENSP00000301067,419,0,0,0,0,STRING
EGFR,PTPRT,9606.ENSP00000275493,9606.ENSP00000362294,448,0,0,0,0,STRING
EGFR,RRM1,9606.ENSP00000275493,9606.ENSP00000300738,457,0,0,0,0,STRING
EGFR,LRP1B,9606.ENSP00000275493,9606.ENSP00000374135,509,0,0,0,0,STRING
EGFR,POLE,9606.ENSP00000275493,9606.ENSP00000322570,513,0,0,0,0,STRING
EGFR,ARID1A,9606.ENSP00000275493,9606.ENSP00000320485,599,0,0,0,0,STRING
EGFR,TGFBR2,9606.ENSP00000275493,9606.ENSP00000351905,606,0,0,0,0,STRING
EGFR,FGFR2,9606.ENSP00000275493,9606.ENSP00000410294,608,0,0,0,0,STRING
EGFR,BRCA2,9606.ENSP00000275493,9606.ENSP00000369497,678,0,0,0,0,STRING
EGFR,ATM,9606.ENSP00000275493,9606.ENSP00000278616,681,0,0,0,0,STRING
EGFR,RBM10,9606.ENSP00000275493,9606.ENSP00000328848,684,0,0,0,0,STRING
EGFR,GNAS,9606.ENSP00000275493,9606.ENSP00000360141,718,0,0,0,0,STRING
EGFR,SMAD4,9606.ENSP00000275493,9606.ENSP00000341551,735,0,0,0,0,STRING
EGFR,BRCA1,9606.ENSP00000275493,9606.ENSP00000418960,800,0,0,0,0,STRING
EGFR,RAF1,9606.ENSP00000275493,9606.ENSP00000401888,848,0,0,0,0,STRING
EGFR,CDKN2A,9606.ENSP00000275493,9606.ENSP00000418915,910,0,0,0,0,STRING
EGFR,ERBB4,9606.ENSP00000275493,9606.ENSP00000342235,996,0,0,0,0,STRING
ATM,LRP1B,9606.ENSP00000278616,9606.ENSP00000374135,418,0,0,0,0,STRING
ATM,RRM2,9606.ENSP00000278616,9606.ENSP00000353770,423,0,0,0,0,STRING
ATM,MAP2K4,9606.ENSP00000278616,9606.ENSP00000410402,428,0,0,0,0,STRING
ATM,RNF43,9606.ENSP00000278616,9606.ENSP00000463069,439,0,0,0,0,STRING
ATM,KMT2D,9606.ENSP00000278616,9606.ENSP00000301067,511,0,0,0,0,STRING
ATM,RRM1,9606.ENSP00000278616,9606.ENSP00000300738,522,0,0,0,0,STRING
ATM,POLD2,9606.ENSP00000278616,9606.ENSP00000480186,525,0,0,0,0,STRING
ATM,ERBB4,9606.ENSP00000278616,9606.ENSP00000342235,526,0,0,0,0,STRING
ATM,POLE3,9606.ENSP00000278616,9606.ENSP00000363286,529,0,0,0,0,STRING
ATM,GNAS,9606.ENSP00000278616,9606.ENSP00000360141,571,0,0,0,0,STRING
ATM,ZFHX3,9606.ENSP00000278616,9606.ENSP00000493252,579,0,0,0,0,STRING
ATM,POLD4,9606.ENSP00000278616,9606.ENSP00000311368,594,0,0,0,0,STRING
ATM,TGFBR2,9606.ENSP00000278616,9606.ENSP00000351905,631,0,0,0,0,STRING
ATM,SMAD4,9606.ENSP00000278616,9606.ENSP00000341551,654,0,0,0,0,STRING
ATM,ARID1A,9606.ENSP00000278616,9606.ENSP00000320485,661,0,0,0,0,STRING
ATM,FGFR2,9606.ENSP00000278616,9606.ENSP00000410294,705,0,0,0,0,STRING
ATM,KDM6A,9606.ENSP00000278616,9606.ENSP00000367203,712,0,0,0,0,STRING
ATM,POLE,9606.ENSP00000278616,9606.ENSP00000322570,794,0,0,0,0,STRING
ATM,CDKN2A,9606.ENSP00000278616,9606.ENSP00000418915,847,0,0,0,0,STRING
ATM,STK11,9606.ENSP00000278616,9606.ENSP00000324856,890,0,0,0,0,STRING
ATM,POLD1,9606.ENSP00000278616,9606.ENSP00000472445,960,0,0,0,0,STRING
ATM,RBBP8,9606.ENSP00000278616,9606.ENSP00000382628,973,0,0,0,0,STRING
ATM,BRCA2,9606.ENSP00000278616,9606.ENSP00000369497,995,0,0,0,0,STRING
ATM,BRCA1,9606.ENSP00000278616,9606.ENSP00000418960,999,0,0,0,0,STRING
ATM,CHEK2,9606.ENSP00000278616,9606.ENSP00000372023,999,0,0,0,0,STRING
RRM1,FGFR2,9606.ENSP00000300738,9606.ENSP00000410294,481,0,0,0,0,STRING
RRM1,POLE,9606.ENSP00000300738,9606.ENSP00000322570,547,0,0,0,0,STRING
RRM1,PRIM2,9606.ENSP00000300738,9606.ENSP00000484105,572,0,0,0,0,STRING
RRM1,POLD1,9606.ENSP00000300738,9606.ENSP00000472445,577,0,0,0,0,STRING
RRM1,BRCA1,9606.ENSP00000300738,9606.ENSP00000418960,652,0,0,0,0,STRING
RRM1,PRIM1,9606.ENSP00000300738,9606.ENSP00000350491,775,0,0,0,0,STRING
RRM1,CHEK2,9606.ENSP00000300738,9606.ENSP00000372023,776,0,0,0,0,STRING
RRM1,POLA1,9606.ENSP00000300738,9606.ENSP00000368358,836,0,0,0,0,STRING
RRM1,RRM2,9606.ENSP00000300738,9606.ENSP00000353770,999,0,0,0,0,STRING
KMT2D,POLE,9606.ENSP00000301067,9606.ENSP00000322570,408,0,0,0,0,STRING
KMT2D,CHEK2,9606.ENSP00000301067,9606.ENSP00000372023,418,0,0,0,0,STRING
KMT2D,RNF43,9606.ENSP00000301067,9606.ENSP00000463069,450,0,0,0,0,STRING
KMT2D,BRCA2,9606.ENSP00000301067,9606.ENSP00000369497,450,0,0,0,0,STRING
KMT2D,STK11,9606.ENSP00000301067,9606.ENSP00000324856,466,0,0,0,0,STRING
KMT2D,ZFHX3,9606.ENSP00000301067,9606.ENSP00000493252,493,0,0,0,0,STRING
KMT2D,CDKN2A,9606.ENSP00000301067,9606.ENSP00000418915,599,0,0,0,0,STRING
KMT2D,LRP1B,9606.ENSP00000301067,9606.ENSP00000374135,604,0,0,0,0,STRING
KMT2D,ARID1A,9606.ENSP00000301067,9606.ENSP00000320485,813,0,0,0,0,STRING
KMT2D,KDM6A,9606.ENSP00000301067,9606.ENSP00000367203,999,0,0,0,0,STRING
POLD4,RBBP8,9606.ENSP00000311368,9606.ENSP00000382628,400,0,0,0,0,STRING
POLD4,BRCA2,9606.ENSP00000311368,9606.ENSP00000369497,419,0,0,0,0,STRING
POLD4,BRCA1,9606.ENSP00000311368,9606.ENSP00000418960,443,0,0,0,0,STRING
POLD4,PRIM1,9606.ENSP00000311368,9606.ENSP00000350491,543,0,0,0,0,STRING
POLD4,PRIM2,9606.ENSP00000311368,9606.ENSP00000484105,558,0,0,0,0,STRING
POLD4,POLE3,9606.ENSP00000311368,9606.ENSP00000363286,564,0,0,0,0,STRING
POLD4,POLA1,9606.ENSP00000311368,9606.ENSP00000368358,741,0,0,0,0,STRING
POLD4,POLE,9606.ENSP00000311368,9606.ENSP00000322570,799,0,0,0,0,STRING
POLD4,POLD2,9606.ENSP00000311368,9606.ENSP00000480186,999,0,0,0,0,STRING
POLD4,POLD1,9606.ENSP00000311368,9606.ENSP00000472445,999,0,0,0,0,STRING
ARID1A,MAP2K4,9606.ENSP00000320485,9606.ENSP00000410402,403,0,0,0,0,STRING
ARID1A,CHEK2,9606.ENSP00000320485,9606.ENSP00000372023,433,0,0,0,0,STRING
ARID1A,TGFBR2,9606.ENSP00000320485,9606.ENSP00000351905,475,0,0,0,0,STRING
ARID1A,RBM10,9606.ENSP00000320485,9606.ENSP00000328848,564,0,0,0,0,STRING
ARID1A,GNAS,9606.ENSP00000320485,9606.ENSP00000360141,571,0,0,0,0,STRING
ARID1A,STK11,9606.ENSP00000320485,9606.ENSP00000324856,573,0,0,0,0,STRING
ARID1A,LRP1B,9606.ENSP00000320485,9606.ENSP00000374135,584,0,0,0,0,STRING
ARID1A,FGFR2,9606.ENSP00000320485,9606.ENSP00000410294,592,0,0,0,0,STRING
ARID1A,RNF43,9606.ENSP00000320485,9606.ENSP00000463069,637,0,0,0,0,STRING
ARID1A,BRCA2,9606.ENSP00000320485,9606.ENSP00000369497,663,0,0,0,0,STRING
ARID1A,POLE,9606.ENSP00000320485,9606.ENSP00000322570,672,0,0,0,0,STRING
ARID1A,KDM6A,9606.ENSP00000320485,9606.ENSP00000367203,675,0,0,0,0,STRING
ARID1A,SMAD4,9606.ENSP00000320485,9606.ENSP00000341551,676,0,0,0,0,STRING
ARID1A,CDKN2A,9606.ENSP00000320485,9606.ENSP00000418915,720,0,0,0,0,STRING
ARID1A,BRCA1,9606.ENSP00000320485,9606.ENSP00000418960,801,0,0,0,0,STRING
POLE,FGFR2,9606.ENSP00000322570,9606.ENSP00000410294,403,0,0,0,0,STRING
POLE,RBBP8,9606.ENSP00000322570,9606.ENSP00000382628,509,0,0,0,0,STRING
POLE,CDKN2A,9606.ENSP00000322570,9606.ENSP00000418915,512,0,0,0,0,STRING
POLE,RNF43,9606.ENSP00000322570,9606.ENSP00000463069,573,0,0,0,0,STRING
POLE,SMAD4,9606.ENSP00000322570,9606.ENSP00000341551,584,0,0,0,0,STRING
POLE,STK11,9606.ENSP00000322570,9606.ENSP00000324856,607,0,0,0,0,STRING
POLE,CHEK2,9606.ENSP00000322570,9606.ENSP00000372023,778,0,0,0,0,STRING
POLE,BRCA2,9606.ENSP00000322570,9606.ENSP00000369497,849,0,0,0,0,STRING
POLE,BRCA1,9606.ENSP00000322570,9606.ENSP00000418960,919,0,0,0,0,STRING
POLE,PRIM2,9606.ENSP00000322570,9606.ENSP00000484105,988,0,0,0,0,STRING
POLE,PRIM1,9606.ENSP00000322570,9606.ENSP00000350491,990,0,0,0,0,STRING
POLE,POLD2,9606.ENSP00000322570,9606.ENSP00000480186,991,0,0,0,0,STRING
POLE,POLA1,9606.ENSP00000322570,9606.ENSP00000368358,997,0,0,0,0,STRING
POLE,POLE3,9606.ENSP00000322570,9606.ENSP00000363286,999,0,0,0,0,STRING
POLE,POLD1,9606.ENSP00000322570,9606.ENSP00000472445,999,0,0,0,0,STRING
STK11,RBM10,9606.ENSP00000324856,9606.ENSP00000328848,465,0,0,0,0,STRING
STK11,RNF43,9606.ENSP00000324856,9606.ENSP00000463069,502,0,0,0,0,STRING
STK11,POLD1,9606.ENSP00000324856,9606.ENSP00000472445,586,0,0,0,0,STRING
STK11,ERBB4,9606.ENSP00000324856,9606.ENSP00000342235,594,0,0,0,0,STRING
STK11,GNAS,9606.ENSP00000324856,9606.ENSP00000360141,595,0,0,0,0,STRING
STK11,BRCA1,9606.ENSP00000324856,9606.ENSP00000418960,740,0,0,0,0,STRING
STK11,CDKN2A,9606.ENSP00000324856,9606.ENSP00000418915,824,0,0,0,0,STRING
STK11,BRCA2,9606.ENSP00000324856,9606.ENSP00000369497,830,0,0,0,0,STRING
STK11,SMAD4,9606.ENSP00000324856,9606.ENSP00000341551,847,0,0,0,0,STRING
RBM10,KDM6A,9606.ENSP00000328848,9606.ENSP00000367203,421,0,0,0,0,STRING
SMAD4,LRP1B,9606.ENSP00000341551,9606.ENSP00000374135,411,0,0,0,0,STRING
SMAD4,KDM6A,9606.ENSP00000341551,9606.ENSP00000367203,439,0,0,0,0,STRING
SMAD4,CHEK2,9606.ENSP00000341551,9606.ENSP00000372023,472,0,0,0,0,STRING
SMAD4,MAP2K4,9606.ENSP00000341551,9606.ENSP00000410402,539,0,0,0,0,STRING
SMAD4,POLD1,9606.ENSP00000341551,9606.ENSP00000472445,554,0,0,0,0,STRING
SMAD4,BRCA1,9606.ENSP00000341551,9606.ENSP00000418960,596,0,0,0,0,STRING
SMAD4,FGFR2,9606.ENSP00000341551,9606.ENSP00000410294,605,0,0,0,0,STRING
SMAD4,ERBB4,9606.ENSP00000341551,9606.ENSP00000342235,630,0,0,0,0,STRING
SMAD4,RNF43,9606.ENSP00000341551,9606.ENSP00000463069,645,0,0,0,0,STRING
SMAD4,BRCA2,9606.ENSP00000341551,9606.ENSP00000369497,672,0,0,0,0,STRING
SMAD4,GNAS,9606.ENSP00000341551,9606.ENSP00000360141,692,0,0,0,0,STRING
SMAD4,CDKN2A,9606.ENSP00000341551,9606.ENSP00000418915,851,0,0,0,0,STRING
SMAD4,ACVR1,9606.ENSP00000341551,9606.ENSP00000405004,860,0,0,0,0,STRING
SMAD4,ACVR1B,9606.ENSP00000341551,9606.ENSP00000442656,957,0,0,0,0,STRING
SMAD4,TGFBR2,9606.ENSP00000341551,9606.ENSP00000351905,996,0,0,0,0,STRING
ERBB4,BRCA2,9606.ENSP00000342235,9606.ENSP00000369497,429,0,0,0,0,STRING
ERBB4,BRCA1,9606.ENSP00000342235,9606.ENSP00000418960,436,0,0,0,0,STRING
ERBB4,PTPRT,9606.ENSP00000342235,9606.ENSP00000362294,441,0,0,0,0,STRING
ERBB4,LRP1B,9606.ENSP00000342235,9606.ENSP00000374135,479,0,0,0,0,STRING
ERBB4,CDKN2A,9606.ENSP00000342235,9606.ENSP00000418915,560,0,0,0,0,STRING
ERBB4,GNAS,9606.ENSP00000342235,9606.ENSP00000360141,572,0,0,0,0,STRING
PRIM1,CHEK2,9606.ENSP00000350491,9606.ENSP00000372023,414,0,0,0,0,STRING
PRIM1,BRCA1,9606.ENSP00000350491,9606.ENSP00000418960,426,0,0,0,0,STRING
PRIM1,RRM2,9606.ENSP00000350491,9606.ENSP00000353770,662,0,0,0,0,STRING
PRIM1,POLE3,9606.ENSP00000350491,9606.ENSP00000363286,950,0,0,0,0,STRING
PRIM1,POLD2,9606.ENSP00000350491,9606.ENSP00000480186,961,0,0,0,0,STRING
PRIM1,POLD1,9606.ENSP00000350491,9606.ENSP00000472445,990,0,0,0,0,STRING
PRIM1,PRIM2,9606.ENSP00000350491,9606.ENSP00000484105,999,0,0,0,0,STRING
PRIM1,POLA1,9606.ENSP00000350491,9606.ENSP00000368358,999,0,0,0,0,STRING
TGFBR2,BRCA2,9606.ENSP00000351905,9606.ENSP00000369497,431,0,0,0,0,STRING
TGFBR2,RNF43,9606.ENSP00000351905,9606.ENSP00000463069,448,0,0,0,0,STRING
TGFBR2,CDKN2A,9606.ENSP00000351905,9606.ENSP00000418915,534,0,0,0,0,STRING
TGFBR2,ACVR1B,9606.ENSP00000351905,9606.ENSP00000442656,740,0,0,0,0,STRING
TGFBR2,ACVR1,9606.ENSP00000351905,9606.ENSP00000405004,810,0,0,0,0,STRING
CUX1,GNAS,9606.ENSP00000353401,9606.ENSP00000360141,476,0,0,0,0,STRING
RRM2,CDKN2A,9606.ENSP00000353770,9606.ENSP00000418915,402,0,0,0,0,STRING
RRM2,POLD1,9606.ENSP00000353770,9606.ENSP00000472445,493,0,0,0,0,STRING
RRM2,POLA1,9606.ENSP00000353770,9606.ENSP00000368358,610,0,0,0,0,STRING
RRM2,BRCA1,9606.ENSP00000353770,9606.ENSP00000418960,620,0,0,0,0,STRING
RRM2,CHEK2,9606.ENSP00000353770,9606.ENSP00000372023,642,0,0,0,0,STRING
RRM2,PRIM2,9606.ENSP00000353770,9606.ENSP00000484105,746,0,0,0,0,STRING
GNAS,BRCA2,9606.ENSP00000360141,9606.ENSP00000369497,447,0,0,0,0,STRING
GNAS,MAP2K4,9606.ENSP00000360141,9606.ENSP00000410402,581,0,0,0,0,STRING
GNAS,FGFR2,9606.ENSP00000360141,9606.ENSP00000410294,602,0,0,0,0,STRING
GNAS,CDKN2A,9606.ENSP00000360141,9606.ENSP00000418915,622,0,0,0,0,STRING
GNAS,RNF43,9606.ENSP00000360141,9606.ENSP00000463069,698,0,0,0,0,STRING
PTPRT,LRP1B,9606.ENSP00000362294,9606.ENSP00000374135,495,0,0,0,0,STRING
POLE3,BRCA2,9606.ENSP00000363286,9606.ENSP00000369497,495,0,0,0,0,STRING
POLE3,RBBP8,9606.ENSP00000363286,9606.ENSP00000382628,497,0,0,0,0,STRING
POLE3,BRCA1,9606.ENSP00000363286,9606.ENSP00000418960,540,0,0,0,0,STRING
POLE3,PRIM2,9606.ENSP00000363286,9606.ENSP00000484105,967,0,0,0,0,STRING
POLE3,POLD2,9606.ENSP00000363286,9606.ENSP00000480186,970,0,0,0,0,STRING
POLE3,POLD1,9606.ENSP00000363286,9606.ENSP00000472445,985,0,0,0,0,STRING
POLE3,POLA1,9606.ENSP00000363286,9606.ENSP00000368358,985,0,0,0,0,STRING
KDM6A,CDKN2A,9606.ENSP00000367203,9606.ENSP00000418915,618,0,0,0,0,STRING
POLA1,BRCA2,9606.ENSP00000368358,9606.ENSP00000369497,457,0,0,0,0,STRING
POLA1,BRCA1,9606.ENSP00000368358,9606.ENSP00000418960,462,0,0,0,0,STRING
POLA1,CHEK2,9606.ENSP00000368358,9606.ENSP00000372023,553,0,0,0,0,STRING
POLA1,POLD1,9606.ENSP00000368358,9606.ENSP00000472445,989,0,0,0,0,STRING
POLA1,POLD2,9606.ENSP00000368358,9606.ENSP00000480186,993,0,0,0,0,STRING
POLA1,PRIM2,9606.ENSP00000368358,9606.ENSP00000484105,999,0,0,0,0,STRING
BRCA2,ACVR1B,9606.ENSP00000369497,9606.ENSP00000442656,438,0,0,0,0,STRING
BRCA2,RNF43,9606.ENSP00000369497,9606.ENSP00000463069,471,0,0,0,0,STRING
BRCA2,POLD2,9606.ENSP00000369497,9606.ENSP00000480186,502,0,0,0,0,STRING
BRCA2,MAP2K4,9606.ENSP00000369497,9606.ENSP00000410402,562,0,0,0,0,STRING
BRCA2,FGFR2,9606.ENSP00000369497,9606.ENSP00000410294,581,0,0,0,0,STRING
BRCA2,CDKN2A,9606.ENSP00000369497,9606.ENSP00000418915,806,0,0,0,0,STRING
BRCA2,POLD1,9606.ENSP00000369497,9606.ENSP00000472445,896,0,0,0,0,STRING
BRCA2,RBBP8,9606.ENSP00000369497,9606.ENSP00000382628,983,0,0,0,0,STRING
BRCA2,CHEK2,9606.ENSP00000369497,9606.ENSP00000372023,985,0,0,0,0,STRING
BRCA2,BRCA1,9606.ENSP00000369497,9606.ENSP00000418960,999,0,0,0,0,STRING
CHEK2,POLD2,9606.ENSP00000372023,9606.ENSP00000480186,414,0,0,0,0,STRING
CHEK2,PRIM2,9606.ENSP00000372023,9606.ENSP00000484105,417,0,0,0,0,STRING
CHEK2,POLD1,9606.ENSP00000372023,9606.ENSP00000472445,753,0,0,0,0,STRING
CHEK2,CDKN2A,9606.ENSP00000372023,9606.ENSP00000418915,758,0,0,0,0,STRING
CHEK2,RBBP8,9606.ENSP00000372023,9606.ENSP00000382628,785,0,0,0,0,STRING
CHEK2,BRCA1,9606.ENSP00000372023,9606.ENSP00000418960,999,0,0,0,0,STRING
LRP1B,CDKN2A,9606.ENSP00000374135,9606.ENSP00000418915,505,0,0,0,0,STRING
RBBP8,POLD2,9606.ENSP00000382628,9606.ENSP00000480186,513,0,0,0,0,STRING
RBBP8,POLD1,9606.ENSP00000382628,9606.ENSP00000472445,545,0,0,0,0,STRING
RBBP8,BRCA1,9606.ENSP00000382628,9606.ENSP00000418960,999,0,0,0,0,STRING
RAF1,CDKN2A,9606.ENSP00000401888,9606.ENSP00000418915,557,0,0,0,0,STRING
ACVR1,ACVR1B,9606.ENSP00000405004,9606.ENSP00000442656,979,0,0,0,0,STRING
FGFR2,BRCA1,9606.ENSP00000410294,9606.ENSP00000418960,575,0,0,0,0,STRING
FGFR2,CDKN2A,9606.ENSP00000410294,9606.ENSP00000418915,592,0,0,0,0,STRING
MAP2K4,CDKN2A,9606.ENSP00000410402,9606.ENSP00000418915,421,0,0,0,0,STRING
CDKN2A,POLD1,9606.ENSP00000418915,9606.ENSP00000472445,411,0,0,0,0,STRING
CDKN2A,RNF43,9606.ENSP00000418915,9606.ENSP00000463069,700,0,0,0,0,STRING
CDKN2A,BRCA1,9606.ENSP00000418915,9606.ENSP00000418960,832,0,0,0,0,STRING
BRCA1,POLD2,9606.ENSP00000418960,9606.ENSP00000480186,525,0,0,0,0,STRING
BRCA1,POLD1,9606.ENSP00000418960,9606.ENSP00000472445,937,0,0,0,0,STRING
RNF43,POLD1,9606.ENSP00000463069,9606.ENSP00000472445,447,0,0,0,0,STRING
POLD1,PRIM2,9606.ENSP00000472445,9606.ENSP00000484105,992,0,0,0,0,STRING
POLD1,POLD2,9606.ENSP00000472445,9606.ENSP00000480186,999,0,0,0,0,STRING
POLD2,PRIM2,9606.ENSP00000480186,9606.ENSP00000484105,969,0,0,0,0,STRING
